grid_cell,ba,lat,lon,pr,distance_to_grid,population,surface_area_ofs,surface_area_ons
1,British Columbia.a,59.5,-139.375,British Columbia,596.2019166,0,0,195.08
10,British Columbia.a,59.5,-136.25,British Columbia,449.801978,0,0,1170.51
100,British Columbia.a,54.5,-130,British Columbia,30.5074273,0,0,2011.48
1000,Saskatchewan.a,52.5,-104.375,Saskatchewan,47.8630092,5846,0,2343.98
1001,Saskatchewan.a,52,-104.375,Saskatchewan,100.3481655,2424,0,2370.79
1002,Saskatchewan.a,51.5,-104.375,Saskatchewan,100.8966041,4491,0,1917.94
1003,Saskatchewan.a,51,-104.375,Saskatchewan,64.4399075,2288,0,2423.87
1004,Saskatchewan.a,50.5,-104.375,Saskatchewan,14.5300099,13797,0,2450.13
1005,Saskatchewan.a,50,-104.375,Saskatchewan,49.5165508,8299,0,2476.21
1006,Saskatchewan.a,49.5,-104.375,Saskatchewan,37.6689352,13702,0,2502.1
1007,Saskatchewan.a,49,-104.375,Saskatchewan,79.3371903,1820,0,2527.79
1008,Saskatchewan.a,59.5,-103.75,Saskatchewan,276.09491,0,0,1950.85
1009,Saskatchewan.a,59,-103.75,Saskatchewan,226.6327228,0,0,1979.97
101,British Columbia.a,54,-130,British Columbia,11.6590394,0,0,2036.24
1010,Saskatchewan.a,58.5,-103.75,Saskatchewan,180.7702351,0,0,1607.15
1011,Saskatchewan.a,58,-103.75,Saskatchewan,142.0382343,0,0,407.55
1012,Saskatchewan.a,57.5,-103.75,Saskatchewan,117.7002016,0,0,1033.2
1013,Saskatchewan.a,57,-103.75,Saskatchewan,117.1038439,0,0,2094.91
1014,Saskatchewan.a,56.5,-103.75,Saskatchewan,138.477962,0,0,1910.92
1015,Saskatchewan.a,56,-103.75,Saskatchewan,101.7474628,1079,0,1721.14
1016,Saskatchewan.a,55.5,-103.75,Saskatchewan,87.8106578,0,0,2179.44
1017,Saskatchewan.a,55,-103.75,Saskatchewan,148.0938812,0,0,1986.57
1018,Saskatchewan.a,54.5,-103.75,Saskatchewan,93.9224904,875,0,1340.99
1019,Saskatchewan.a,54,-103.75,Saskatchewan,43.5108144,0,0,2262.49
102,British Columbia.a,53.5,-130,British Columbia,56.5352589,31,0,2060.85
1020,Saskatchewan.a,53.5,-103.75,Saskatchewan,27.8158416,139,0,1831.86
1021,Saskatchewan.a,53,-103.75,Saskatchewan,23.5104081,2511,0,2316.99
1022,Saskatchewan.a,52.5,-103.75,Saskatchewan,46.3450479,1900,0,2343.98
1023,Saskatchewan.a,52,-103.75,Saskatchewan,99.6249197,2395,0,2133.71
1024,Saskatchewan.a,51.5,-103.75,Saskatchewan,96.6052226,3654,0,2157.68
1025,Saskatchewan.a,51,-103.75,Saskatchewan,84.6723378,1565,0,2423.87
1026,Saskatchewan.a,50.5,-103.75,Saskatchewan,57.0996633,5578,0,2205.12
1027,Saskatchewan.a,50,-103.75,Saskatchewan,41.1231125,3083,0,2228.59
1028,Saskatchewan.a,49.5,-103.75,Saskatchewan,19.3323816,1099,0,2502.1
1029,Saskatchewan.a,49,-103.75,Saskatchewan,72.3776304,1992,0,2527.79
103,British Columbia.a,53,-130,British Columbia,110.7675028,0,1158.5,1158.5
1030,Saskatchewan.a,59.5,-103.125,Saskatchewan,292.5804629,0,0,1560.68
1031,Saskatchewan.a,59,-103.125,Saskatchewan,246.7283532,0,0,1979.97
1032,Saskatchewan.a,58.5,-103.125,Saskatchewan,205.7362896,0,0,1808.04
1033,Saskatchewan.a,58,-103.125,Saskatchewan,278.7893577,1279,0,1426.42
1034,Saskatchewan.a,57.5,-103.125,Saskatchewan,224.2439544,0,0,1653.12
1035,Saskatchewan.a,57,-103.125,Saskatchewan,170.3796735,0,0,1256.94
1036,Saskatchewan.a,56.5,-103.125,Saskatchewan,118.131927,0,0,1061.62
1037,Saskatchewan.a,56,-103.125,Saskatchewan,71.1555209,0,0,1721.14
1038,Saskatchewan.a,55.5,-103.125,Saskatchewan,48.5087737,0,0,2179.44
1039,Saskatchewan.a,55,-103.125,Saskatchewan,76.3225463,2296,0,1545.11
104,British Columbia.a,52.5,-130,British Columbia,165.9059504,0,2343.98,0
1040,Saskatchewan.a,54.5,-103.125,Saskatchewan,91.341094,0,0,1340.99
1041,Saskatchewan.a,54,-103.125,Saskatchewan,37.5384249,0,0,1583.74
1042,Saskatchewan.a,53.5,-103.125,Saskatchewan,25.6362283,0,0,1602.88
1043,Saskatchewan.a,53,-103.125,Saskatchewan,78.0220739,1859,0,2316.99
1044,Saskatchewan.a,52.5,-103.125,Saskatchewan,74.523064,786,0,2343.98
1045,Saskatchewan.a,52,-103.125,Saskatchewan,101.6585031,1041,0,2370.79
1046,Saskatchewan.a,51.5,-103.125,Saskatchewan,58.2576914,3849,0,2157.68
1047,Saskatchewan.a,51,-103.125,Saskatchewan,51.3372218,3088,0,2423.87
1048,Saskatchewan.a,50.5,-103.125,Saskatchewan,39.9548671,7908,0,2450.13
1049,Saskatchewan.a,50,-103.125,Saskatchewan,21.7407864,4618,0,2476.21
105,British Columbia.a,52,-130,British Columbia,221.2741955,0,2370.79,0
1050,Saskatchewan.a,49.5,-103.125,Saskatchewan,45.4313761,1917,0,2502.1
1051,Saskatchewan.a,49,-103.125,Saskatchewan,7.3390311,14794,0,2527.79
1052,Saskatchewan.a,59.5,-102.5,Saskatchewan,370.4148864,0,0,1560.68
1053,Saskatchewan.a,59,-102.5,Saskatchewan,316.5775133,0,0,1979.97
1054,Saskatchewan.a,58.5,-102.5,Saskatchewan,263.4715179,0,0,2008.93
1055,Saskatchewan.a,58,-102.5,Saskatchewan,211.6481625,0,0,1833.97
1056,Saskatchewan.a,57.5,-102.5,Saskatchewan,162.3404875,0,0,206.64
1057,Saskatchewan.a,57,-102.5,Saskatchewan,163.8743209,0,0,209.49
1058,Saskatchewan.a,56.5,-102.5,Saskatchewan,108.4053132,0,0,1061.62
1059,Saskatchewan.a,56,-102.5,Saskatchewan,53.2050986,0,0,2151.43
106,British Columbia.a,59.5,-129.375,British Columbia,197.7559375,0,0,1950.85
1060,Saskatchewan.a,55.5,-102.5,Saskatchewan,9.5919128,481,0,1961.5
1061,Saskatchewan.a,55,-102.5,Saskatchewan,59.4590512,671,0,1986.57
1062,Saskatchewan.a,54.5,-102.5,Saskatchewan,50.1405111,1902,0,1564.48
1063,Saskatchewan.a,54,-102.5,Saskatchewan,56.9672006,20,0,1357.49
1064,Saskatchewan.a,53.5,-102.5,Saskatchewan,54.1736269,1288,0,1373.9
1065,Saskatchewan.a,53,-102.5,Saskatchewan,93.8421034,0,0,2085.29
1066,Saskatchewan.a,52.5,-102.5,Saskatchewan,146.0650202,2548,0,2343.98
1067,Saskatchewan.a,52,-102.5,Saskatchewan,90.4904244,631,0,2370.79
1068,Saskatchewan.a,51.5,-102.5,Saskatchewan,34.988555,7297,0,2397.42
1069,Saskatchewan.a,51,-102.5,Saskatchewan,21.024661,18012,0,2423.87
107,British Columbia.a,59,-129.375,British Columbia,142.6957451,39,0,1979.97
1070,Saskatchewan.a,50.5,-102.5,Saskatchewan,50.9456277,6320,0,2450.13
1071,Saskatchewan.a,50,-102.5,Saskatchewan,7.4539422,3107,0,2476.21
1072,Saskatchewan.a,49.5,-102.5,Saskatchewan,60.8097016,5325,0,2502.1
1073,Saskatchewan.a,49,-102.5,Saskatchewan,27.8239016,2645,0,2527.79
1074,Manitoba.a,59.5,-101.875,Manitoba,364.0604461,0,0,1950.85
1075,Manitoba.a,59,-101.875,Manitoba,309.0079239,0,0,1979.97
1076,Manitoba.a,58.5,-101.875,Manitoba,254.192506,641,0,1004.47
1077,Manitoba.a,58,-101.875,Manitoba,199.8094283,0,0,1833.97
1078,Manitoba.a,57.5,-101.875,Manitoba,146.3414832,0,0,1239.84
1079,Manitoba.a,57,-101.875,Manitoba,95.3409477,0,0,2094.91
108,British Columbia.a,58.5,-129.375,British Columbia,88.3112043,0,0,1808.04
1080,Manitoba.a,56.5,-101.875,Manitoba,54.2771356,0,0,1698.6
1081,Manitoba.a,56,-101.875,Manitoba,60.4628052,0,0,2151.43
1082,Manitoba.a,55.5,-101.875,Manitoba,30.4566156,0,0,1525.61
1083,Manitoba.a,55,-101.875,Manitoba,22.8358548,0,0,1545.11
1084,Manitoba.a,54.5,-101.875,Manitoba,30.5919377,5099,0,893.99
1085,Manitoba.a,54,-101.875,Manitoba,31.6035231,69,0,1131.24
1086,Manitoba.a,53.5,-101.875,Manitoba,25.717865,4555,0,1831.86
1087,Manitoba.a,53,-101.875,Manitoba,80.6609441,0,0,2316.99
1088,Manitoba.a,52.5,-101.875,Manitoba,70.6791729,25,0,1875.19
1089,Manitoba.a,52,-101.875,Manitoba,56.5960203,7089,0,2370.79
109,British Columbia.a,58,-129.375,British Columbia,37.6535559,0,0,2037.75
1090,Manitoba.a,51.5,-101.875,Manitoba,40.4816356,220,0,2397.42
1091,Manitoba.a,51,-101.875,Manitoba,32.5236981,4268,0,2181.48
1092,Saskatchewan.a,50.5,-101.875,Saskatchewan,10.7749159,5829,0,2450.13
1093,Saskatchewan.a,50,-101.875,Saskatchewan,39.3941502,5242,0,2476.21
1094,Saskatchewan.a,49.5,-101.875,Saskatchewan,34.8059923,2345,0,2502.1
1095,Saskatchewan.a,49,-101.875,Saskatchewan,65.242294,3058,0,2527.79
1096,Manitoba.a,59.5,-101.25,Manitoba,361.3831727,0,0,1560.68
1097,Manitoba.a,59,-101.25,Manitoba,305.8026925,0,0,1583.97
1098,Manitoba.a,58.5,-101.25,Manitoba,250.2297513,0,0,1808.04
1099,Manitoba.a,58,-101.25,Manitoba,194.6708057,0,0,1833.97
11,British Columbia.a,59,-136.25,British Columbia,415.4108891,0,0,19.8
110,British Columbia.a,57.5,-129.375,British Columbia,34.9118899,0,0,2066.41
1100,Manitoba.a,57.5,-101.25,Manitoba,139.1426216,0,0,2066.41
1101,Manitoba.a,57,-101.25,Manitoba,83.7064402,0,0,2094.91
1102,Manitoba.a,56.5,-101.25,Manitoba,28.8967049,579,0,1486.27
1103,Manitoba.a,56,-101.25,Manitoba,29.0761656,0,0,1506
1104,Manitoba.a,55.5,-101.25,Manitoba,43.3950333,0,0,1307.67
1105,Manitoba.a,55,-101.25,Manitoba,15.8314004,0,0,1103.65
1106,Manitoba.a,54.5,-101.25,Manitoba,14.0181227,0,0,893.99
1107,Manitoba.a,54,-101.25,Manitoba,18.7998022,0,0,905
1108,Manitoba.a,53.5,-101.25,Manitoba,36.8335212,6160,0,1144.91
1109,Manitoba.a,53,-101.25,Manitoba,18.8687439,0,0,1158.5
111,British Columbia.a,57,-129.375,British Columbia,84.8647051,0,0,2094.91
1110,Manitoba.a,52.5,-101.25,Manitoba,45.9971099,1401,0,937.59
1111,Manitoba.a,52,-101.25,Manitoba,17.0492925,1726,0,1896.63
1112,Manitoba.a,51.5,-101.25,Manitoba,32.3856446,95,0,2397.42
1113,Manitoba.a,51,-101.25,Manitoba,24.2661546,1779,0,2423.87
1114,Manitoba.a,50.5,-101.25,Manitoba,16.6378908,3824,0,2450.13
1115,Manitoba.a,50,-101.25,Manitoba,26.4796576,3847,0,2476.21
1116,Manitoba.a,49.5,-101.25,Manitoba,10.3479557,8849,0,2251.89
1117,Manitoba.a,49,-101.25,Manitoba,56.0439489,2811,0,2527.79
1118,Manitoba.a,59.5,-100.625,Manitoba,337.534467,0,0,1170.51
1119,Manitoba.a,59,-100.625,Manitoba,282.3845329,0,0,1187.98
112,British Columbia.a,56.5,-129.375,British Columbia,43.442627,48,0,2123.25
1120,Manitoba.a,58.5,-100.625,Manitoba,227.4524362,0,0,2008.93
1121,Manitoba.a,58,-100.625,Manitoba,172.9458739,0,0,2037.75
1122,Manitoba.a,57.5,-100.625,Manitoba,119.4488101,0,0,2066.41
1123,Manitoba.a,57,-100.625,Manitoba,69.3385857,0,0,2094.91
1124,Manitoba.a,56.5,-100.625,Manitoba,41.06067,149,0,1273.95
1125,Manitoba.a,56,-100.625,Manitoba,41.3227476,0,0,1290.86
1126,Manitoba.a,55.5,-100.625,Manitoba,52.4383885,0,0,1743.56
1127,Manitoba.a,55,-100.625,Manitoba,33.5894946,0,0,1765.84
1128,Manitoba.a,54.5,-100.625,Manitoba,52.4897345,0,0,670.49
1129,Manitoba.a,54,-100.625,Manitoba,44.1777304,1712,0,678.75
113,British Columbia.a,56,-129.375,British Columbia,12.0669533,0,0,1936.29
1130,Manitoba.a,53.5,-100.625,Manitoba,50.6404931,992,0,457.97
1131,Manitoba.a,53,-100.625,Manitoba,35.5528926,0,0,463.4
1132,Manitoba.a,52.5,-100.625,Manitoba,53.36647,0,0,937.59
1133,Manitoba.a,52,-100.625,Manitoba,32.1125915,700,0,1185.4
1134,Manitoba.a,51.5,-100.625,Manitoba,55.4348594,1091,0,1917.94
1135,Manitoba.a,51,-100.625,Manitoba,40.2068847,9788,0,2423.87
1136,Manitoba.a,50.5,-100.625,Manitoba,14.334402,2536,0,2205.12
1137,Manitoba.a,50,-100.625,Manitoba,29.3051384,3769,0,2476.21
1138,Manitoba.a,49.5,-100.625,Manitoba,34.232218,7086,0,2502.1
1139,Manitoba.a,49,-100.625,Manitoba,68.1950844,5370,0,2275.01
114,British Columbia.a,55.5,-129.375,British Columbia,7.1548588,0,0,2179.44
1140,Manitoba.a,59.5,-100,Manitoba,335.448697,0,0,975.42
1141,Manitoba.a,59,-100,Manitoba,279.8513795,0,0,1385.98
1142,Manitoba.a,58.5,-100,Manitoba,224.2541342,0,0,1607.15
1143,Manitoba.a,58,-100,Manitoba,168.6570326,0,0,2037.75
1144,Manitoba.a,57.5,-100,Manitoba,113.0602867,0,0,2066.41
1145,Manitoba.a,57,-100,Manitoba,57.4649286,0,0,2094.91
1146,Manitoba.a,56.5,-100,Manitoba,1.9908417,0,0,1698.6
1147,Manitoba.a,56,-100,Manitoba,53.7388566,351,0,1721.14
1148,Manitoba.a,55.5,-100,Manitoba,68.1801614,0,0,1743.56
1149,Manitoba.a,55,-100,Manitoba,12.5836537,0,0,2207.29
115,British Columbia.a,55,-129.375,British Columbia,49.3866849,0,0,2207.29
1150,Manitoba.a,54.5,-100,Manitoba,40.6852531,1088,0,1564.48
1151,Manitoba.a,54,-100,Manitoba,51.648721,0,0,1583.74
1152,Manitoba.a,53.5,-100,Manitoba,60.6252513,0,0,1602.88
1153,Manitoba.a,53,-100,Manitoba,50.8868089,1264,0,1158.5
1154,Manitoba.a,52.5,-100,Manitoba,87.667294,27,0,1171.99
1155,Manitoba.a,52,-100,Manitoba,96.824946,0,0,1422.48
1156,Manitoba.a,51.5,-100,Manitoba,41.4936265,1926,0,1198.71
1157,Manitoba.a,51,-100,Manitoba,15.8280075,4913,0,1696.71
1158,Manitoba.a,50.5,-100,Manitoba,31.2174036,1760,0,2205.12
1159,Manitoba.a,50,-100,Manitoba,14.1422476,11506,0,2476.21
116,British Columbia.a,54.5,-129.375,British Columbia,32.4530181,0,0,2011.48
1160,Manitoba.a,49.5,-100,Manitoba,19.0204203,63049,0,2502.1
1161,Manitoba.a,49,-100,Manitoba,32.1541934,5145,0,2275.01
1162,Manitoba.a,59.5,-99.375,Manitoba,337.3877722,0,0,1560.68
1163,Manitoba.a,59,-99.375,Manitoba,282.2066051,0,0,1781.97
1164,Manitoba.a,58.5,-99.375,Manitoba,227.2283231,0,0,1808.04
1165,Manitoba.a,58,-99.375,Manitoba,172.6468577,0,0,2037.75
1166,Manitoba.a,57.5,-99.375,Manitoba,119.0094445,0,0,2066.41
1167,Manitoba.a,57,-99.375,Manitoba,68.5685212,0,0,1675.93
1168,Manitoba.a,56.5,-99.375,Manitoba,37.7110079,835,0,1061.62
1169,Manitoba.a,56,-99.375,Manitoba,14.5122819,0,0,2151.43
117,British Columbia.a,54,-129.375,British Columbia,23.5556341,0,0,2262.49
1170,Manitoba.a,55.5,-99.375,Manitoba,41.8323761,2397,0,1525.61
1171,Manitoba.a,55,-99.375,Manitoba,39.7038981,0,0,2207.29
1172,Manitoba.a,54.5,-99.375,Manitoba,22.9556602,0,0,1787.98
1173,Manitoba.a,54,-99.375,Manitoba,15.5525064,0,0,2262.49
1174,Manitoba.a,53.5,-99.375,Manitoba,38.2589079,0,0,1373.9
1175,Manitoba.a,53,-99.375,Manitoba,18.7563786,1160,0,695.1
1176,Manitoba.a,52.5,-99.375,Manitoba,73.634323,0,0,1875.19
1177,Manitoba.a,52,-99.375,Manitoba,108.4930752,0,0,2133.71
1178,Manitoba.a,51.5,-99.375,Manitoba,64.3738257,438,0,1438.45
1179,Manitoba.a,51,-99.375,Manitoba,51.954417,1608,0,1454.32
118,British Columbia.a,53.5,-129.375,British Columbia,58.7275417,0,0,1602.88
1180,Manitoba.a,50.5,-99.375,Manitoba,30.9435534,1210,0,1960.11
1181,Manitoba.a,50,-99.375,Manitoba,6.4214983,4406,0,2476.21
1182,Manitoba.a,49.5,-99.375,Manitoba,7.7817079,6921,0,2502.1
1183,Manitoba.a,49,-99.375,Manitoba,13.4403035,7259,0,2275.01
1184,Manitoba.a,59.5,-98.75,Manitoba,343.2833321,0,0,1560.68
1185,Manitoba.a,59,-98.75,Manitoba,289.3306615,0,0,1781.97
1186,Manitoba.a,58.5,-98.75,Manitoba,236.141651,0,0,1205.36
1187,Manitoba.a,58,-98.75,Manitoba,184.3783857,0,0,2037.75
1188,Manitoba.a,57.5,-98.75,Manitoba,135.6825747,0,0,1446.48
1189,Manitoba.a,57,-98.75,Manitoba,124.1668751,0,0,837.96
119,British Columbia.a,53,-129.375,British Columbia,111.9156301,124,0,1621.9
1190,Manitoba.a,56.5,-98.75,Manitoba,68.6370464,0,0,1910.92
1191,Manitoba.a,56,-98.75,Manitoba,13.6685839,0,0,1936.29
1192,Manitoba.a,55.5,-98.75,Manitoba,16.6825046,0,0,1961.5
1193,Manitoba.a,55,-98.75,Manitoba,45.6086702,0,0,1765.84
1194,Manitoba.a,54.5,-98.75,Manitoba,32.2020245,0,0,1787.98
1195,Manitoba.a,54,-98.75,Manitoba,34.0953883,0,0,1131.24
1196,Manitoba.a,53.5,-98.75,Manitoba,53.5835476,0,0,457.97
1197,Manitoba.a,53,-98.75,Manitoba,39.9958491,0,0,115.85
1198,Manitoba.a,52.5,-98.75,Manitoba,81.7576262,0,0,234.4
1199,Manitoba.a,52,-98.75,Manitoba,91.0524848,0,0,1896.63
12,British Columbia.a,59.5,-135.625,British Columbia,423.948573,0,0,1170.51
120,British Columbia.a,52.5,-129.375,British Columbia,166.6835931,0,1171.99,1171.99
1200,Manitoba.a,51.5,-98.75,Manitoba,39.2829536,2783,0,1678.2
1201,Manitoba.a,51,-98.75,Manitoba,31.2710456,0,0,1696.71
1202,Manitoba.a,50.5,-98.75,Manitoba,61.7205653,3497,0,980.05
1203,Manitoba.a,50,-98.75,Manitoba,6.2144764,0,0,1238.1
1204,Manitoba.a,49.5,-98.75,Manitoba,15.6374861,23592,0,2502.1
1205,Manitoba.a,49,-98.75,Manitoba,39.4677328,3924,0,2527.79
1206,Manitoba.a,59.5,-98.125,Manitoba,352.9366751,0,0,1365.59
1207,Manitoba.a,59,-98.125,Manitoba,300.8844284,0,0,1583.97
1208,Manitoba.a,58.5,-98.125,Manitoba,293.8979116,0,0,1607.15
1209,Manitoba.a,58,-98.125,Manitoba,239.0559379,0,0,2037.75
121,British Columbia.a,52,-129.375,British Columbia,164.8847731,0,2370.79,0
1210,Manitoba.a,57.5,-98.125,Manitoba,184.6660772,0,0,2066.41
1211,Manitoba.a,57,-98.125,Manitoba,139.9568924,0,0,1675.93
1212,Manitoba.a,56.5,-98.125,Manitoba,85.2200218,0,0,1698.6
1213,Manitoba.a,56,-98.125,Manitoba,35.3880511,0,0,1936.29
1214,Manitoba.a,55.5,-98.125,Manitoba,25.6474834,13035,0,1743.56
1215,Manitoba.a,55,-98.125,Manitoba,51.1741992,0,0,1324.38
1216,Manitoba.a,54.5,-98.125,Manitoba,7.876412,4673,0,1340.99
1217,Manitoba.a,54,-98.125,Manitoba,60.7242204,0,0,1357.49
1218,Manitoba.a,53.5,-98.125,Manitoba,116.1678867,5390,0,1373.9
1219,Manitoba.a,53,-98.125,Manitoba,79.5799662,0,0,231.7
122,British Columbia.a,51.5,-129.375,British Columbia,124.1188504,0,2397.42,0
1220,Manitoba.a,52.5,-98.125,Manitoba,145.7523734,0,0,0
1221,Manitoba.a,52,-98.125,Manitoba,91.1837943,0,0,237.08
1222,Manitoba.a,51.5,-98.125,Manitoba,39.5897143,213,0,1678.2
1223,Manitoba.a,51,-98.125,Manitoba,31.6597187,6220,0,2181.48
1224,Manitoba.a,50.5,-98.125,Manitoba,64.2938292,3541,0,2205.12
1225,Manitoba.a,50,-98.125,Manitoba,13.797077,5339,0,1980.97
1226,Manitoba.a,49.5,-98.125,Manitoba,28.1044435,12967,0,2502.1
1227,Manitoba.a,49,-98.125,Manitoba,24.4000074,43886,0,2527.79
1228,Manitoba.a,59.5,-97.5,Manitoba,211.2488318,0,0,1755.76
1229,Manitoba.a,59,-97.5,Manitoba,314.9495301,0,0,1781.97
123,British Columbia.a,50.5,-129.375,British Columbia,101.9192906,0,2450.13,0
1230,Manitoba.a,58.5,-97.5,Manitoba,261.7298074,0,0,1808.04
1231,Manitoba.a,58,-97.5,Manitoba,225.5335955,0,0,2037.75
1232,Manitoba.a,57.5,-97.5,Manitoba,172.5541205,0,0,2066.41
1233,Manitoba.a,57,-97.5,Manitoba,140.0742208,0,0,1675.93
1234,Manitoba.a,56.5,-97.5,Manitoba,85.415141,0,0,2123.25
1235,Manitoba.a,56,-97.5,Manitoba,33.9535099,0,0,2151.43
1236,Manitoba.a,55.5,-97.5,Manitoba,34.5263802,0,0,1743.56
1237,Manitoba.a,55,-97.5,Manitoba,61.0595337,0,0,1765.84
1238,Manitoba.a,54.5,-97.5,Manitoba,34.4278797,0,0,2234.98
1239,Manitoba.a,54,-97.5,Manitoba,69.457815,0,0,1809.99
124,British Columbia.a,59.5,-128.75,British Columbia,205.0837682,119,0,1950.85
1240,Manitoba.a,53.5,-97.5,Manitoba,121.0189826,0,0,2289.83
1241,Manitoba.a,53,-97.5,Manitoba,175.0682642,0,0,2085.29
1242,Manitoba.a,52.5,-97.5,Manitoba,157.9621684,0,0,1640.79
1243,Manitoba.a,52,-97.5,Manitoba,126.7397772,1161,0,474.16
1244,Manitoba.a,51.5,-97.5,Manitoba,72.3404916,3106,0,479.48
1245,Manitoba.a,51,-97.5,Manitoba,24.1962474,4769,0,2181.48
1246,Manitoba.a,50.5,-97.5,Manitoba,42.3286519,9815,0,1960.11
1247,Manitoba.a,50,-97.5,Manitoba,5.2501892,46019,0,2228.59
1248,Manitoba.a,49.5,-97.5,Manitoba,16.8513691,786469,0,2502.1
1249,Manitoba.a,49,-97.5,Manitoba,16.038265,14626,0,2527.79
125,British Columbia.a,59,-128.75,British Columbia,152.8313,0,0,1979.97
1250,Manitoba.a,59.5,-96.875,Manitoba,179.1789689,0,0,1950.85
1251,Manitoba.a,59,-96.875,Manitoba,161.5919811,0,0,1781.97
1252,Manitoba.a,58.5,-96.875,Manitoba,252.7338872,0,0,2008.93
1253,Manitoba.a,58,-96.875,Manitoba,198.2429134,0,0,2037.75
1254,Manitoba.a,57.5,-96.875,Manitoba,144.5964846,0,0,2066.41
1255,Manitoba.a,57,-96.875,Manitoba,108.6818147,0,0,2094.91
1256,Manitoba.a,56.5,-96.875,Manitoba,55.1759666,0,0,2123.25
1257,Manitoba.a,56,-96.875,Manitoba,21.4282829,0,0,1506
1258,Manitoba.a,55.5,-96.875,Manitoba,63.6874315,0,0,2179.44
1259,Manitoba.a,55,-96.875,Manitoba,117.6228725,0,0,1986.57
126,British Columbia.a,58.5,-128.75,British Columbia,104.1029839,0,0,2008.93
1260,Manitoba.a,54.5,-96.875,Manitoba,74.5811111,0,0,2234.98
1261,Manitoba.a,54,-96.875,Manitoba,96.2023959,0,0,1809.99
1262,Manitoba.a,53.5,-96.875,Manitoba,138.3088383,0,0,2060.85
1263,Manitoba.a,53,-96.875,Manitoba,187.5783661,0,0,2085.29
1264,Manitoba.a,52.5,-96.875,Manitoba,158.831144,0,0,2109.58
1265,Manitoba.a,52,-96.875,Manitoba,105.8769987,0,0,2370.79
1266,Manitoba.a,51.5,-96.875,Manitoba,58.0914999,640,0,1917.94
1267,Manitoba.a,51,-96.875,Manitoba,27.8780776,759,0,727.16
1268,Manitoba.a,50.5,-96.875,Manitoba,28.5242022,1187,0,735.04
1269,Manitoba.a,50,-96.875,Manitoba,5.277171,20741,0,1980.97
127,British Columbia.a,58,-128.75,British Columbia,67.0777677,0,0,2037.75
1270,Manitoba.a,49.5,-96.875,Manitoba,11.0571266,54339,0,2502.1
1271,Manitoba.a,49,-96.875,Manitoba,29.389485,25672,0,2527.79
1272,Manitoba.a,59.5,-96.25,Manitoba,148.7495125,0,0,1950.85
1273,Manitoba.a,59,-96.25,Manitoba,126.4360856,0,0,1979.97
1274,Manitoba.a,58.5,-96.25,Manitoba,126.5983113,0,0,2008.93
1275,Manitoba.a,58,-96.25,Manitoba,193.5207301,74,0,2037.75
1276,Manitoba.a,57.5,-96.25,Manitoba,137.9584726,0,0,2066.41
1277,Manitoba.a,57,-96.25,Manitoba,82.4436867,0,0,2094.91
1278,Manitoba.a,56.5,-96.25,Manitoba,27.2678736,0,0,1910.92
1279,Manitoba.a,56,-96.25,Manitoba,29.5341587,2749,0,1721.14
128,British Columbia.a,57.5,-128.75,British Columbia,65.9044255,0,0,2066.41
1280,Manitoba.a,55.5,-96.25,Manitoba,62.7351615,0,0,1961.5
1281,Manitoba.a,55,-96.25,Manitoba,64.7060493,0,0,1324.38
1282,Manitoba.a,54.5,-96.25,Manitoba,80.0311411,0,0,1117.49
1283,Manitoba.a,54,-96.25,Manitoba,84.2170396,0,0,2036.24
1284,Manitoba.a,53.5,-96.25,Manitoba,93.4442806,0,0,1831.86
1285,Manitoba.a,53,-96.25,Manitoba,128.6583142,0,0,2316.99
1286,Manitoba.a,52.5,-96.25,Manitoba,154.0686681,0,0,2109.58
1287,Manitoba.a,52,-96.25,Manitoba,98.5035904,0,0,2370.79
1288,Manitoba.a,51.5,-96.25,Manitoba,43.0222629,0,0,2157.68
1289,Manitoba.a,51,-96.25,Manitoba,13.4546592,0,0,2423.87
129,British Columbia.a,57,-128.75,British Columbia,111.8320322,0,0,2094.91
1290,Manitoba.a,50.5,-96.25,Manitoba,9.0208912,3366,0,2450.13
1291,Manitoba.a,50,-96.25,Manitoba,11.3231062,10039,0,2228.59
1292,Manitoba.a,49.5,-96.25,Manitoba,20.1356172,2974,0,2502.1
1293,Manitoba.a,49,-96.25,Manitoba,24.5862538,1843,0,2275.01
1294,Manitoba.a,59.5,-95.625,Manitoba,121.2059713,0,0,1950.85
1295,Manitoba.a,59,-95.625,Manitoba,91.8742267,0,0,1979.97
1296,Manitoba.a,58.5,-95.625,Manitoba,91.5020649,0,0,2008.93
1297,Manitoba.a,58,-95.625,Manitoba,120.3584252,0,0,2037.75
1298,Manitoba.a,57.5,-95.625,Manitoba,131.1804844,0,0,2066.41
1299,Manitoba.a,57,-95.625,Manitoba,76.4350877,0,0,2094.91
13,British Columbia.a,59,-135.625,British Columbia,386.8407956,0,0,99
130,British Columbia.a,56.5,-128.75,British Columbia,58.4914005,0,0,2123.25
1300,Manitoba.a,56.5,-95.625,Manitoba,25.660596,0,0,2123.25
1301,Manitoba.a,56,-95.625,Manitoba,13.365383,60,0,1506
1302,Manitoba.a,55.5,-95.625,Manitoba,68.3712143,0,0,2179.44
1303,Manitoba.a,55,-95.625,Manitoba,25.6552829,0,0,1986.57
1304,Manitoba.a,54.5,-95.625,Manitoba,53.2205717,2162,0,1117.49
1305,Manitoba.a,54,-95.625,Manitoba,44.3701695,0,0,1357.49
1306,Manitoba.a,53.5,-95.625,Manitoba,59.5537945,0,0,1831.86
1307,Manitoba.a,53,-95.625,Manitoba,106.33279,0,0,2085.29
1308,Manitoba.a,52.5,-95.625,Manitoba,158.8985064,0,0,2343.98
1309,Manitoba.a,52,-95.625,Manitoba,109.2219079,0,0,1659.55
131,British Columbia.a,56,-128.75,British Columbia,22.7643168,424,0,2151.43
1310,Manitoba.a,51.5,-95.625,Manitoba,64.0475928,0,0,1678.2
1311,Manitoba.a,51,-95.625,Manitoba,65.6977725,0,0,1211.93
1312,Manitoba.a,50.5,-95.625,Manitoba,23.103248,0,0,1225.07
1313,Manitoba.a,50,-95.625,Manitoba,10.0017691,0,0,1733.35
1314,Manitoba.a,49.5,-95.625,Manitoba,38.4681111,622,0,1751.47
1315,Manitoba.a,49,-95.625,Manitoba,6.2436988,1651,0,1516.68
1316,Manitoba.a,59.5,-95,Manitoba,98.9907303,0,1365.59,585.25
1317,Manitoba.a,59,-95,Manitoba,58.9660549,0,1385.98,593.99
1318,Manitoba.a,58.5,-95,Manitoba,57.7654637,0,602.68,1406.25
1319,Manitoba.a,58,-95,Manitoba,96.8438131,0,0,2037.75
132,British Columbia.a,55.5,-128.75,British Columbia,28.7529112,0,0,1961.5
1320,Manitoba.a,57.5,-95,Manitoba,128.3759037,0,0,2066.41
1321,Manitoba.a,57,-95,Manitoba,74.4189161,0,0,2094.91
1322,Manitoba.a,56.5,-95,Manitoba,28.2533034,0,0,2123.25
1323,Manitoba.a,56,-95,Manitoba,42.4072084,1065,0,1721.14
1324,Manitoba.a,55.5,-95,Manitoba,65.76837,0,0,2179.44
1325,Manitoba.a,55,-95,Manitoba,17.6997804,0,0,1765.84
1326,Manitoba.a,54.5,-95,Manitoba,49.8320118,1520,0,1117.49
1327,Manitoba.a,54,-95,Manitoba,13.8569249,0,0,1583.74
1328,Manitoba.a,53.5,-95,Manitoba,41.817137,8559,0,1373.9
1329,Manitoba.a,53,-95,Manitoba,97.4037335,0,0,2316.99
133,British Columbia.a,55,-128.75,British Columbia,34.8155031,0,0,2207.29
1330,Ontario.b,52.5,-95,Ontario,152.9982269,0,0,2343.98
1331,Ontario.b,52,-95,Ontario,136.0996785,0,0,2370.79
1332,Ontario.b,51.5,-95,Ontario,137.6252598,0,0,2397.42
1333,Ontario.b,51,-95,Ontario,82.0359256,0,0,1696.71
1334,Ontario.b,50.5,-95,Ontario,26.4807429,0,0,1470.08
1335,Ontario.b,50,-95,Ontario,15.6513224,815,0,1485.72
1336,Ontario.b,49.5,-95,Ontario,25.4043743,15720,0,1251.05
1337,Ontario.b,49,-95,Ontario,36.9970636,357,0,505.56
1338,Ontario.b,48.5,-95,Ontario,66.8114462,1151,0,510.66
1339,Manitoba.a,59.5,-94.375,Manitoba,86.3231015,0,1950.85,0
134,British Columbia.a,54.5,-128.75,British Columbia,9.2449377,4538,0,2234.98
1340,Manitoba.a,59,-94.375,Manitoba,33.0890142,0,1979.97,0
1341,Manitoba.a,58.5,-94.375,Manitoba,30.3353246,870,1205.36,803.57
1342,Manitoba.a,58,-94.375,Manitoba,83.2329564,0,0,1426.42
1343,Manitoba.a,57.5,-94.375,Manitoba,98.399631,0,0,2066.41
1344,Manitoba.a,57,-94.375,Manitoba,57.0182622,0,0,2094.91
1345,Manitoba.a,56.5,-94.375,Manitoba,11.3655181,126,0,2123.25
1346,Manitoba.a,56,-94.375,Manitoba,42.6578847,0,0,1936.29
1347,Manitoba.a,55.5,-94.375,Manitoba,98.2503069,0,0,2179.44
1348,Manitoba.a,55,-94.375,Manitoba,52.1176847,0,0,1986.57
1349,Manitoba.a,54.5,-94.375,Manitoba,5.4798475,809,0,1340.99
135,British Columbia.a,54,-128.75,British Columbia,4.4568346,20326,0,2262.49
1350,Manitoba.a,54,-94.375,Manitoba,22.3793675,0,0,1809.99
1351,Manitoba.a,53.5,-94.375,Manitoba,49.752335,0,0,1373.9
1352,Ontario.b,53,-94.375,Ontario,103.1110525,0,0,2085.29
1353,Ontario.b,52.5,-94.375,Ontario,158.0209448,1087,0,1640.79
1354,Ontario.b,52,-94.375,Ontario,115.9147836,663,0,2133.71
1355,Ontario.b,51.5,-94.375,Ontario,65.8364566,0,0,1438.45
1356,Ontario.b,51,-94.375,Ontario,37.6128318,0,0,969.55
1357,Ontario.b,50.5,-94.375,Ontario,55.4648123,0,0,735.04
1358,Ontario.b,50,-94.375,Ontario,24.6962458,584,0,742.86
1359,Ontario.b,49.5,-94.375,Ontario,29.9253605,0,0,750.63
136,British Columbia.a,53.5,-128.75,British Columbia,58.6384346,507,0,2060.85
1360,Ontario.b,49,-94.375,Ontario,32.2084358,2331,0,505.56
1361,Ontario.b,48.5,-94.375,Ontario,34.0617409,2760,0,1531.98
1362,Manitoba.a,59,-93.75,Manitoba,35.9825359,0,1979.97,0
1363,Manitoba.a,58.5,-93.75,Manitoba,33.5109958,0,1004.47,1004.47
1364,Manitoba.a,58,-93.75,Manitoba,84.4592483,0,0,1426.42
1365,Manitoba.a,57.5,-93.75,Manitoba,93.38808,0,0,2066.41
1366,Manitoba.a,57,-93.75,Manitoba,38.0951901,0,0,2094.91
1367,Manitoba.a,56.5,-93.75,Manitoba,19.0606248,0,0,2123.25
1368,Manitoba.a,56,-93.75,Manitoba,60.6432747,0,0,2151.43
1369,Manitoba.a,55.5,-93.75,Manitoba,114.2338214,0,0,1961.5
137,British Columbia.a,53,-128.75,British Columbia,82.4794972,0,0,2085.29
1370,Manitoba.a,55,-93.75,Manitoba,68.1921645,0,0,2207.29
1371,Manitoba.a,54.5,-93.75,Manitoba,44.586476,0,0,2011.48
1372,Manitoba.a,54,-93.75,Manitoba,74.2145003,872,0,1809.99
1373,Ontario.b,53.5,-93.75,Ontario,76.2962171,0,0,1602.88
1374,Ontario.b,53,-93.75,Ontario,118.394051,2100,0,1621.9
1375,Ontario.b,52.5,-93.75,Ontario,165.4988619,0,0,1875.19
1376,Ontario.b,52,-93.75,Ontario,109.9590734,0,0,2370.79
1377,Ontario.b,51.5,-93.75,Ontario,54.5369258,0,0,2397.42
1378,Ontario.b,51,-93.75,Ontario,4.2285767,4094,0,1454.32
1379,Ontario.b,50.5,-93.75,Ontario,22.6821307,924,0,1715.09
138,British Columbia.a,52.5,-128.75,British Columbia,129.9636516,217,0,1640.79
1380,Ontario.b,50,-93.75,Ontario,20.854457,57,0,1733.35
1381,Ontario.b,49.5,-93.75,Ontario,37.3132046,1012,0,1251.05
1382,Ontario.b,49,-93.75,Ontario,8.8641831,0,0,1263.9
1383,Ontario.b,48.5,-93.75,Ontario,23.3905457,10205,0,765.99
1384,Manitoba.a,59,-93.125,Manitoba,63.8479311,0,0,1979.97
1385,Manitoba.a,58.5,-93.125,Manitoba,62.809999,0,0,2008.93
1386,Manitoba.a,58,-93.125,Manitoba,99.9781235,0,1630.2,407.55
1387,Manitoba.a,57.5,-93.125,Manitoba,103.0175975,0,619.92,1446.48
1388,Manitoba.a,57,-93.125,Manitoba,58.0371694,0,209.49,1885.42
1389,Manitoba.a,56.5,-93.125,Manitoba,48.0214156,0,0,2123.25
139,British Columbia.a,52,-128.75,British Columbia,144.2749534,1193,1659.55,711.24
1390,Manitoba.a,56,-93.125,Manitoba,86.1734028,0,0,2151.43
1391,Manitoba.a,55.5,-93.125,Manitoba,136.8492236,0,0,2179.44
1392,Manitoba.a,55,-93.125,Manitoba,98.9887569,0,0,1986.57
1393,Manitoba.a,54.5,-93.125,Manitoba,84.8555838,0,0,2011.48
1394,Ontario.b,54,-93.125,Ontario,103.8458353,0,0,2262.49
1395,Ontario.b,53.5,-93.125,Ontario,112.0324752,0,0,1602.88
1396,Ontario.b,53,-93.125,Ontario,144.3144431,409,0,1853.59
1397,Ontario.b,52.5,-93.125,Ontario,160.8825257,0,0,2109.58
1398,Ontario.b,52,-93.125,Ontario,106.9726226,265,0,1896.63
1399,Ontario.b,51.5,-93.125,Ontario,56.437582,0,0,2397.42
14,British Columbia.a,59.5,-135,British Columbia,399.7839657,0,0,1755.76
140,British Columbia.a,51.5,-128.75,British Columbia,94.6739104,0,2157.68,239.74
1400,Ontario.b,51,-93.125,Ontario,30.1194394,0,0,1211.93
1401,Ontario.b,50.5,-93.125,Ontario,12.2119146,0,0,1470.08
1402,Ontario.b,50,-93.125,Ontario,22.5213246,0,0,1485.72
1403,Ontario.b,49.5,-93.125,Ontario,37.0495585,7820,0,1251.05
1404,Ontario.b,49,-93.125,Ontario,45.3466699,0,0,1263.9
1405,Ontario.b,48.5,-93.125,Ontario,23.7685045,158,0,1021.32
1406,Manitoba.a,58,-92.5,Manitoba,124.5562514,0,2037.75,0
1407,Manitoba.a,57.5,-92.5,Manitoba,123.9201538,0,2066.41,0
1408,Manitoba.a,57,-92.5,Manitoba,90.4242572,0,1885.42,209.49
1409,Manitoba.a,56.5,-92.5,Manitoba,84.7271942,0,0,2123.25
141,British Columbia.a,51,-128.75,British Columbia,57.3851237,0,2423.87,0
1410,Manitoba.a,56,-92.5,Manitoba,111.1874902,0,0,2151.43
1411,Manitoba.a,55.5,-92.5,Manitoba,154.0403449,0,0,2179.44
1412,Manitoba.a,55,-92.5,Manitoba,134.7651748,0,0,2207.29
1413,Ontario.b,54.5,-92.5,Ontario,125.1685513,0,0,2234.98
1414,Ontario.b,54,-92.5,Ontario,139.1188054,0,0,1809.99
1415,Ontario.b,53.5,-92.5,Ontario,202.4491812,608,0,1831.86
1416,Ontario.b,53,-92.5,Ontario,148.8759357,0,0,2316.99
1417,Ontario.b,52.5,-92.5,Ontario,97.5933614,0,0,2343.98
1418,Ontario.b,52,-92.5,Ontario,55.3798775,0,0,2370.79
1419,Ontario.b,51.5,-92.5,Ontario,47.984041,0,0,1917.94
142,British Columbia.a,50.5,-128.75,British Columbia,61.6844511,35,1715.09,735.04
1420,Ontario.b,51,-92.5,Ontario,14.7304995,0,0,1211.93
1421,Ontario.b,50.5,-92.5,Ontario,41.775107,0,0,1470.08
1422,Ontario.b,50,-92.5,Ontario,32.3317859,6861,0,990.48
1423,Ontario.b,49.5,-92.5,Ontario,40.3274351,0,0,1000.84
1424,Ontario.b,49,-92.5,Ontario,32.5134166,0,0,758.34
1425,Ontario.b,48.5,-92.5,Ontario,31.4279442,280,0,1531.98
1426,Ontario.b,48,-92.5,Ontario,84.2641816,118,0,515.72
1427,Manitoba.a,58,-91.875,Manitoba,153.911638,0,2037.75,0
1428,Manitoba.a,57.5,-91.875,Manitoba,151.4980958,0,2066.41,0
1429,Manitoba.a,57,-91.875,Manitoba,125.9981839,0,1466.43,628.47
143,British Columbia.a,50,-128.75,British Columbia,102.4641721,0,2476.21,0
1430,Manitoba.a,56.5,-91.875,Manitoba,122.3961876,0,0,2123.25
1431,Manitoba.a,56,-91.875,Manitoba,142.3640621,0,0,2151.43
1432,Manitoba.a,55.5,-91.875,Manitoba,178.1449989,0,0,2179.44
1433,Ontario.b,55,-91.875,Ontario,222.2277437,0,0,2207.29
1434,Ontario.b,54.5,-91.875,Ontario,233.1415317,0,0,2234.98
1435,Ontario.b,54,-91.875,Ontario,184.7410276,0,0,2262.49
1436,Ontario.b,53.5,-91.875,Ontario,141.7220853,0,0,1831.86
1437,Ontario.b,53,-91.875,Ontario,141.7229793,0,0,1853.59
1438,Ontario.b,52.5,-91.875,Ontario,86.1506789,921,0,1640.79
1439,Ontario.b,52,-91.875,Ontario,30.6697145,0,0,2133.71
144,British Columbia.a,59.5,-128.125,British Columbia,218.2400268,0,0,1950.85
1440,Ontario.b,51.5,-91.875,Ontario,25.3274277,651,0,1917.94
1441,Ontario.b,51,-91.875,Ontario,25.2578343,299,0,1696.71
1442,Ontario.b,50.5,-91.875,Ontario,47.0205087,0,0,2205.12
1443,Ontario.b,50,-91.875,Ontario,14.4718358,0,0,1733.35
1444,Ontario.b,49.5,-91.875,Ontario,4.5767934,0,0,1501.26
1445,Ontario.b,49,-91.875,Ontario,29.3155156,1206,0,1263.9
1446,Ontario.b,48.5,-91.875,Ontario,30.9020804,2642,0,1276.65
1447,Ontario.b,48,-91.875,Ontario,85.0448514,1423,0,1031.44
1448,Manitoba.a,57.5,-91.25,Manitoba,182.7522749,0,2066.41,0
1449,Manitoba.a,57,-91.25,Manitoba,162.6796215,0,1047.45,1047.45
145,British Columbia.a,59,-128.125,British Columbia,170.3191913,0,0,1979.97
1450,Manitoba.a,56.5,-91.25,Manitoba,160.3489862,0,0,2123.25
1451,Manitoba.a,56,-91.25,Manitoba,176.4647509,0,0,2151.43
1452,Manitoba.a,55.5,-91.25,Manitoba,206.7575684,0,0,2179.44
1453,Ontario.b,55,-91.25,Ontario,272.616559,0,0,2207.29
1454,Ontario.b,54.5,-91.25,Ontario,218.7077841,0,0,2234.98
1455,Ontario.b,54,-91.25,Ontario,165.9167753,0,0,2036.24
1456,Ontario.b,53.5,-91.25,Ontario,115.7826963,447,0,1831.86
1457,Ontario.b,53,-91.25,Ontario,73.9247195,0,0,1853.59
1458,Ontario.b,52.5,-91.25,Ontario,60.8775044,0,0,1406.39
1459,Ontario.b,52,-91.25,Ontario,49.9808065,0,0,2133.71
146,British Columbia.a,58.5,-128.125,British Columbia,128.7253583,0,0,2008.93
1460,Ontario.b,51.5,-91.25,Ontario,32.500028,0,0,2397.42
1461,Ontario.b,51,-91.25,Ontario,27.3094801,0,0,1939.1
1462,Ontario.b,50.5,-91.25,Ontario,71.4591005,0,0,1470.08
1463,Ontario.b,50,-91.25,Ontario,25.4883298,88,0,1485.72
1464,Ontario.b,49.5,-91.25,Ontario,31.0431487,0,0,2251.89
1465,Ontario.b,49,-91.25,Ontario,28.3736656,0,0,2022.23
1466,Ontario.b,48.5,-91.25,Ontario,26.8851457,0,0,1531.98
1467,Ontario.b,48,-91.25,Ontario,81.8872227,0,0,1031.44
1468,Manitoba.a,57.5,-90.625,Manitoba,216.0913955,0,2066.41,0
1469,Manitoba.a,57,-90.625,Manitoba,199.857484,0,1675.93,418.98
147,British Columbia.a,58,-128.125,British Columbia,101.5553157,0,0,2037.75
1470,Manitoba.a,56.5,-90.625,Manitoba,198.4205623,0,0,2123.25
1471,Manitoba.a,56,-90.625,Manitoba,212.0816072,0,0,2151.43
1472,Ontario.b,55.5,-90.625,Ontario,322.4120225,0,0,2179.44
1473,Ontario.b,55,-90.625,Ontario,266.9134442,0,0,2207.29
1474,Ontario.b,54.5,-90.625,Ontario,211.4667858,0,0,2234.98
1475,Ontario.b,54,-90.625,Ontario,156.1273732,0,0,2262.49
1476,Ontario.b,53.5,-90.625,Ontario,101.0715199,1029,0,1602.88
1477,Ontario.b,53,-90.625,Ontario,47.2999783,0,0,1853.59
1478,Ontario.b,52.5,-90.625,Ontario,21.0062871,0,0,1875.19
1479,Ontario.b,52,-90.625,Ontario,59.1688402,0,0,2133.71
148,British Columbia.a,57.5,-128.125,British Columbia,99.6133365,0,0,2066.41
1480,Ontario.b,51.5,-90.625,Ontario,19.2058483,0,0,2397.42
1481,Ontario.b,51,-90.625,Ontario,41.1008353,1155,0,1454.32
1482,Ontario.b,50.5,-90.625,Ontario,73.3173486,0,0,1225.07
1483,Ontario.b,50,-90.625,Ontario,28.6401134,0,0,1238.1
1484,Ontario.b,49.5,-90.625,Ontario,49.4691985,0,0,1501.26
1485,Ontario.b,49,-90.625,Ontario,41.168723,0,0,1769.45
1486,Ontario.b,48.5,-90.625,Ontario,20.4948298,0,0,1531.98
1487,Ontario.b,48,-90.625,Ontario,72.9887691,0,0,1289.3
1488,Manitoba.a,57,-90,Manitoba,237.2961908,0,2094.91,0
1489,Manitoba.a,56.5,-90,Manitoba,236.5511796,0,212.32,1910.92
149,British Columbia.a,57,-128.125,British Columbia,82.777091,0,0,1885.42
1490,Ontario.b,56,-90,Ontario,378.3120344,0,0,2151.43
1491,Ontario.b,55.5,-90,Ontario,322.8540177,0,0,2179.44
1492,Ontario.b,55,-90,Ontario,267.4538518,0,0,2207.29
1493,Ontario.b,54.5,-90,Ontario,212.1568613,0,0,2234.98
1494,Ontario.b,54,-90,Ontario,157.072052,0,0,2262.49
1495,Ontario.b,53.5,-90,Ontario,102.5419429,456,0,1373.9
1496,Ontario.b,53,-90,Ontario,50.4003514,511,0,1853.59
1497,Ontario.b,52.5,-90,Ontario,27.3434746,0,0,1875.19
1498,Ontario.b,52,-90,Ontario,58.4026161,0,0,2133.71
1499,Ontario.b,51.5,-90,Ontario,10.9437777,0,0,2157.68
15,British Columbia.a,59,-135,British Columbia,359.7902225,0,0,989.98
150,British Columbia.a,56.5,-128.125,British Columbia,81.5652293,0,0,2123.25
1500,Ontario.b,51,-90,Ontario,54.8709113,0,0,2181.48
1501,Ontario.b,50.5,-90,Ontario,109.9139436,0,0,2450.13
1502,Ontario.b,50,-90,Ontario,71.3655543,0,0,2228.59
1503,Ontario.b,49.5,-90,Ontario,97.3179264,6221,0,2251.89
1504,Ontario.b,49,-90,Ontario,41.8582109,0,0,2527.79
1505,Ontario.b,48.5,-90,Ontario,12.8702574,0,0,2042.64
1506,Ontario.b,48,-90,Ontario,55.1587405,10204,0,2578.61
1507,Manitoba.a,57,-89.375,Manitoba,274.8867014,0,2094.91,0
1508,Ontario.b,56.5,-89.375,Ontario,437.8421396,0,636.97,1486.27
1509,Ontario.b,56,-89.375,Ontario,382.9933804,0,0,2151.43
151,British Columbia.a,56,-128.125,British Columbia,90.1332135,0,0,2151.43
1510,Ontario.b,55.5,-89.375,Ontario,328.396175,0,0,2179.44
1511,Ontario.b,55,-89.375,Ontario,274.2008284,0,0,2207.29
1512,Ontario.b,54.5,-89.375,Ontario,220.7035775,0,0,2234.98
1513,Ontario.b,54,-89.375,Ontario,168.5703777,0,0,2262.49
1514,Ontario.b,53.5,-89.375,Ontario,119.5985108,0,0,2289.83
1515,Ontario.b,53,-89.375,Ontario,79.8346023,16,0,2316.99
1516,Ontario.b,52.5,-89.375,Ontario,68.0092059,587,0,1640.79
1517,Ontario.b,52,-89.375,Ontario,78.6533931,0,0,1896.63
1518,Ontario.b,51.5,-89.375,Ontario,54.0935693,0,0,1917.94
1519,Ontario.b,51,-89.375,Ontario,76.4714302,0,0,1939.1
152,British Columbia.a,55.5,-128.125,British Columbia,43.0828497,0,0,2179.44
1520,Ontario.b,50.5,-89.375,Ontario,122.2769498,0,0,2450.13
1521,Ontario.b,50,-89.375,Ontario,108.5863799,297,0,1485.72
1522,Ontario.b,49.5,-89.375,Ontario,94.6862694,110,0,1000.84
1523,Ontario.b,49,-89.375,Ontario,41.0524227,0,0,2022.23
1524,Ontario.b,48.5,-89.375,Ontario,12.1227185,0,0,2553.3
1525,Ontario.b,48,-89.375,Ontario,38.7942123,109807,1289.3,515.72
1526,Ontario.b,57,-88.75,Ontario,499.5797276,0,2094.91,0
1527,Ontario.b,56.5,-88.75,Ontario,445.4931281,0,424.65,1698.6
1528,Ontario.b,56,-88.75,Ontario,391.828917,0,0,2151.43
1529,Ontario.b,55.5,-88.75,Ontario,338.7878741,0,0,2179.44
153,British Columbia.a,55,-128.125,British Columbia,42.075774,5146,0,2207.29
1530,Ontario.b,55,-88.75,Ontario,286.7160576,0,0,2207.29
1531,Ontario.b,54.5,-88.75,Ontario,236.2552064,0,0,2234.98
1532,Ontario.b,54,-88.75,Ontario,188.702142,0,0,2262.49
1533,Ontario.b,53.5,-88.75,Ontario,146.9082207,1060,0,2060.85
1534,Ontario.b,53,-88.75,Ontario,117.2053898,0,0,2316.99
1535,Ontario.b,52.5,-88.75,Ontario,109.8805384,355,0,1171.99
1536,Ontario.b,52,-88.75,Ontario,112.5393862,0,0,1422.48
1537,Ontario.b,51.5,-88.75,Ontario,97.3493822,0,0,1198.71
1538,Ontario.b,51,-88.75,Ontario,111.6707917,0,0,1454.32
1539,Ontario.b,50.5,-88.75,Ontario,113.8574171,0,0,2205.12
154,British Columbia.a,54.5,-128.125,British Columbia,27.9935202,2978,0,2234.98
1540,Ontario.b,50,-88.75,Ontario,83.2300007,0,0,1238.1
1541,Ontario.b,49.5,-88.75,Ontario,38.2741279,0,0,250.21
1542,Ontario.b,49,-88.75,Ontario,26.6779172,1867,0,1769.45
1543,Ontario.b,48.5,-88.75,Ontario,28.9735162,4517,1276.65,1276.65
1544,Ontario.b,48,-88.75,Ontario,52.2385603,0,1031.44,257.86
1545,Ontario.b,57,-88.125,Ontario,509.360067,0,2094.91,0
1546,Ontario.b,56.5,-88.125,Ontario,456.5764211,0,2123.25,0
1547,Ontario.b,56,-88.125,Ontario,404.5458811,0,1075.71,1075.71
1548,Ontario.b,55.5,-88.125,Ontario,353.601051,364,0,2179.44
1549,Ontario.b,55,-88.125,Ontario,304.2877401,0,0,2207.29
155,British Columbia.a,54,-128.125,British Columbia,50.030262,0,0,2036.24
1550,Ontario.b,54.5,-88.125,Ontario,257.5448442,0,0,1787.98
1551,Ontario.b,54,-88.125,Ontario,215.0550106,0,0,2036.24
1552,Ontario.b,53.5,-88.125,Ontario,179.8581703,0,0,2289.83
1553,Ontario.b,53,-88.125,Ontario,156.9403022,0,0,1853.59
1554,Ontario.b,52.5,-88.125,Ontario,151.9623269,0,0,937.59
1555,Ontario.b,52,-88.125,Ontario,151.1511223,244,0,1896.63
1556,Ontario.b,51.5,-88.125,Ontario,209.3040529,977,0,1917.94
1557,Ontario.b,51,-88.125,Ontario,153.8736798,0,0,2423.87
1558,Ontario.b,50.5,-88.125,Ontario,98.6315271,0,0,2450.13
1559,Ontario.b,50,-88.125,Ontario,44.6624598,0,0,2476.21
156,British Columbia.a,53.5,-128.125,British Columbia,13.9548898,0,0,2060.85
1560,Ontario.b,49.5,-88.125,Ontario,22.8448492,0,0,2251.89
1561,Ontario.b,49,-88.125,Ontario,7.5910632,5,0,2527.79
1562,Ontario.b,48.5,-88.125,Ontario,51.0231447,100,2042.64,510.66
1563,Ontario.b,48,-88.125,Ontario,91.7543883,0,2062.88,0
1564,Ontario.b,57,-87.5,Ontario,522.0268311,0,2094.91,0
1565,Ontario.b,56.5,-87.5,Ontario,470.8488633,0,2123.25,0
1566,Ontario.b,56,-87.5,Ontario,420.7915672,0,2151.43,0
1567,Ontario.b,55.5,-87.5,Ontario,372.307247,0,0,2179.44
1568,Ontario.b,55,-87.5,Ontario,326.0982709,0,0,1986.57
1569,Ontario.b,54.5,-87.5,Ontario,283.2803063,0,0,2011.48
157,British Columbia.a,53,-128.125,British Columbia,63.7855726,0,0,2316.99
1570,Ontario.b,54,-87.5,Ontario,245.633132,0,0,2036.24
1571,Ontario.b,53.5,-87.5,Ontario,215.879118,0,0,2289.83
1572,Ontario.b,53,-87.5,Ontario,197.6163108,0,0,1621.9
1573,Ontario.b,52.5,-87.5,Ontario,309.1610914,723,0,1640.79
1574,Ontario.b,52,-87.5,Ontario,253.9193713,0,0,2370.79
1575,Ontario.b,51.5,-87.5,Ontario,198.875888,0,0,2397.42
1576,Ontario.b,51,-87.5,Ontario,147.194133,0,0,2181.48
1577,Ontario.b,50.5,-87.5,Ontario,91.7014374,0,0,2205.12
1578,Ontario.b,50,-87.5,Ontario,36.5287247,178,0,2228.59
1579,Ontario.b,49.5,-87.5,Ontario,20.982495,4309,0,2251.89
158,British Columbia.a,52.5,-128.125,British Columbia,118.8469944,0,0,2343.98
1580,Ontario.b,49,-87.5,Ontario,28.1632313,0,0,2275.01
1581,Ontario.b,48.5,-87.5,Ontario,36.9156715,2567,1531.98,1021.32
1582,Ontario.b,48,-87.5,Ontario,90.0805622,0,2578.61,0
1583,Ontario.b,47.5,-87.5,Ontario,145.0806337,0,1041.49,0
1584,Ontario.b,56.5,-86.875,Ontario,488.0296625,0,2123.25,0
1585,Ontario.b,56,-86.875,Ontario,440.1742449,0,2151.43,0
1586,Ontario.b,55.5,-86.875,Ontario,394.3515086,0,871.78,1307.67
1587,Ontario.b,55,-86.875,Ontario,351.3576411,0,0,1986.57
1588,Ontario.b,54.5,-86.875,Ontario,312.362939,0,0,2234.98
1589,Ontario.b,54,-86.875,Ontario,279.0490175,0,0,2036.24
159,British Columbia.a,52,-128.125,British Columbia,134.9192137,0,0,1896.63
1590,Ontario.b,53.5,-86.875,Ontario,253.6640259,0,0,2060.85
1591,Ontario.b,53,-86.875,Ontario,359.323164,0,0,2316.99
1592,Ontario.b,52.5,-86.875,Ontario,303.9203712,0,0,2343.98
1593,Ontario.b,52,-86.875,Ontario,248.6044347,0,0,2370.79
1594,Ontario.b,51.5,-86.875,Ontario,195.6175085,0,0,2397.42
1595,Ontario.b,51,-86.875,Ontario,140.0575098,0,0,2423.87
1596,Ontario.b,50.5,-86.875,Ontario,84.5467708,0,0,2450.13
1597,Ontario.b,50,-86.875,Ontario,29.365981,0,0,2228.59
1598,Ontario.b,49.5,-86.875,Ontario,27.5448581,610,0,2251.89
1599,Ontario.b,49,-86.875,Ontario,28.2116836,0,0,2275.01
16,British Columbia.a,59.5,-134.375,British Columbia,377.6347567,0,0,1365.59
160,British Columbia.a,51.5,-128.125,British Columbia,79.511849,149,719.23,1678.2
1600,Ontario.b,48.5,-86.875,Ontario,37.2453433,3510,1276.65,1276.65
1601,Ontario.b,48,-86.875,Ontario,90.3364445,0,2578.61,0
1602,Ontario.b,47.5,-86.875,Ontario,140.0628713,0,2082.98,0
1603,Ontario.b,56,-86.25,Ontario,462.2980932,0,2151.43,0
1604,Ontario.b,55.5,-86.25,Ontario,419.2059901,0,1525.61,653.83
1605,Ontario.b,55,-86.25,Ontario,379.3758432,0,0,2207.29
1606,Ontario.b,54.5,-86.25,Ontario,343.942776,0,0,2234.98
1607,Ontario.b,54,-86.25,Ontario,469.8160933,0,0,2036.24
1608,Ontario.b,53.5,-86.25,Ontario,414.2612703,0,0,2289.83
1609,Ontario.b,53,-86.25,Ontario,358.719639,0,0,2316.99
161,British Columbia.a,51,-128.125,British Columbia,24.9644981,0,1696.71,727.16
1610,Ontario.b,52.5,-86.25,Ontario,303.1984488,0,0,2343.98
1611,Ontario.b,52,-86.25,Ontario,247.7114452,0,0,1896.63
1612,Ontario.b,51.5,-86.25,Ontario,192.288225,243,0,2397.42
1613,Ontario.b,51,-86.25,Ontario,137.0062175,0,0,2423.87
1614,Ontario.b,50.5,-86.25,Ontario,82.1509982,0,0,2450.13
1615,Ontario.b,50,-86.25,Ontario,30.1497944,0,0,2476.21
1616,Ontario.b,49.5,-86.25,Ontario,35.3747711,0,0,2251.89
1617,Ontario.b,49,-86.25,Ontario,27.4429664,1974,0,2527.79
1618,Ontario.b,48.5,-86.25,Ontario,21.2438565,127,0,2553.3
1619,Ontario.b,48,-86.25,Ontario,76.6232107,0,515.72,2062.88
162,British Columbia.a,50.5,-128.125,British Columbia,33.263649,246,735.04,1715.09
1620,Ontario.b,47.5,-86.25,Ontario,91.4388883,0,2343.35,260.37
1621,Ontario.b,47,-86.25,Ontario,137.7612816,0,1051.45,0
1622,Ontario.b,56,-85.625,Ontario,486.7878972,0,2151.43,0
1623,Ontario.b,55.5,-85.625,Ontario,446.399772,0,2179.44,0
1624,Ontario.b,55,-85.625,Ontario,583.6715598,0,441.46,1765.84
1625,Ontario.b,54.5,-85.625,Ontario,528.4240868,247,0,2234.98
1626,Ontario.b,54,-85.625,Ontario,473.2583867,0,0,1583.74
1627,Ontario.b,53.5,-85.625,Ontario,418.2068209,0,0,2289.83
1628,Ontario.b,53,-85.625,Ontario,363.3212751,0,0,2085.29
1629,Ontario.b,52.5,-85.625,Ontario,308.6903181,0,0,2343.98
163,British Columbia.a,50,-128.125,British Columbia,66.3835129,0,742.86,1733.35
1630,Ontario.b,52,-85.625,Ontario,254.477967,0,0,1896.63
1631,Ontario.b,51.5,-85.625,Ontario,201.0231792,0,0,2157.68
1632,Ontario.b,51,-85.625,Ontario,149.1427546,0,0,2181.48
1633,Ontario.b,50.5,-85.625,Ontario,101.2855551,0,0,2450.13
1634,Ontario.b,50,-85.625,Ontario,94.6221527,0,0,2476.21
1635,Ontario.b,49.5,-85.625,Ontario,40.1013842,0,0,2502.1
1636,Ontario.b,49,-85.625,Ontario,21.0959418,0,0,2275.01
1637,Ontario.b,48.5,-85.625,Ontario,28.0414255,695,0,2297.97
1638,Ontario.b,48,-85.625,Ontario,19.129786,0,0,2578.61
1639,Ontario.b,47.5,-85.625,Ontario,69.0409506,0,2343.35,260.37
164,British Columbia.a,59.5,-127.5,British Columbia,281.9896739,0,0,1950.85
1640,Ontario.b,47,-85.625,Ontario,78.8521396,0,2102.91,0
1641,Ontario.b,46.5,-85.625,Ontario,88.4766358,0,132.67,0
1642,Ontario.b,56,-85,Ontario,689.1065322,0,2151.43,0
1643,Ontario.b,55.5,-85,Ontario,633.5907971,0,2179.44,0
1644,Ontario.b,55,-85,Ontario,578.0907146,0,1324.38,882.92
1645,Ontario.b,54.5,-85,Ontario,522.6112716,0,0,2234.98
1646,Ontario.b,54,-85,Ontario,467.1598215,0,0,2036.24
1647,Ontario.b,53.5,-85,Ontario,411.7476744,0,0,2289.83
1648,Ontario.b,53,-85,Ontario,356.3931631,7475,0,2085.29
1649,Ontario.b,52.5,-85,Ontario,301.128074,0,0,2343.98
165,British Columbia.a,59,-127.5,British Columbia,227.27542,0,0,1979.97
1650,Ontario.b,52,-85,Ontario,246.0126787,0,0,2370.79
1651,Ontario.b,51.5,-85,Ontario,191.1764896,0,0,2397.42
1652,Ontario.b,51,-85,Ontario,136.9552963,0,0,2423.87
1653,Ontario.b,50.5,-85,Ontario,84.5408018,0,0,2450.13
1654,Ontario.b,50,-85,Ontario,41.4684472,0,0,2476.21
1655,Ontario.b,49.5,-85,Ontario,49.7414115,0,0,2502.1
1656,Ontario.b,49,-85,Ontario,49.6285243,968,0,2527.79
1657,Ontario.b,48.5,-85,Ontario,24.3348287,0,0,2297.97
1658,Ontario.b,48,-85,Ontario,15.279046,576,0,2578.61
1659,Ontario.b,47.5,-85,Ontario,39.6030625,2768,260.37,2343.35
166,British Columbia.a,58.5,-127.5,British Columbia,173.1245512,0,0,2008.93
1660,Ontario.b,47,-85,Ontario,37.8091502,6050,0,2628.63
1661,Ontario.b,46.5,-85,Ontario,41.7196216,73026,1326.67,530.67
1662,Ontario.b,55.5,-84.375,Ontario,548.1262837,0,2179.44,0
1663,Ontario.b,55,-84.375,Ontario,498.0811833,0,1103.65,1103.65
1664,Ontario.b,54.5,-84.375,Ontario,521.579982,0,0,2234.98
1665,Ontario.b,54,-84.375,Ontario,465.9920037,0,0,2262.49
1666,Ontario.b,53.5,-84.375,Ontario,410.40659,0,0,2289.83
1667,Ontario.b,53,-84.375,Ontario,354.824946,0,0,2316.99
1668,Ontario.b,52.5,-84.375,Ontario,299.2491723,0,0,2343.98
1669,Ontario.b,52,-84.375,Ontario,243.6832855,0,0,2370.79
167,British Columbia.a,58,-127.5,British Columbia,120.3002797,0,0,2037.75
1670,Ontario.b,51.5,-84.375,Ontario,188.1360459,0,0,2397.42
1671,Ontario.b,51,-84.375,Ontario,132.6308847,0,0,2423.87
1672,Ontario.b,50.5,-84.375,Ontario,77.2585467,0,0,2450.13
1673,Ontario.b,50,-84.375,Ontario,22.9992641,0,0,2476.21
1674,Ontario.b,49.5,-84.375,Ontario,29.0605236,741,0,2502.1
1675,Ontario.b,49,-84.375,Ontario,84.5672694,0,0,2527.79
1676,Ontario.b,48.5,-84.375,Ontario,60.8817729,0,0,2297.97
1677,Ontario.b,48,-84.375,Ontario,10.654172,0,0,2062.88
1678,Ontario.b,47.5,-84.375,Ontario,26.1854008,0,0,2603.72
1679,Ontario.b,47,-84.375,Ontario,11.9900849,0,0,2628.63
168,British Columbia.a,57.5,-127.5,British Columbia,71.7931595,0,0,2066.41
1680,Ontario.b,46.5,-84.375,Ontario,1.8595527,1071,0,2653.35
1681,Ontario.b,46,-84.375,Ontario,57.3712515,6858,0,535.57
1682,Ontario.b,55.5,-83.75,Ontario,366.9841444,0,2179.44,0
1683,Ontario.b,55,-83.75,Ontario,481.3419178,0,1324.38,882.92
1684,Ontario.b,54.5,-83.75,Ontario,430.4781815,0,0,2234.98
1685,Ontario.b,54,-83.75,Ontario,380.9374347,0,0,2262.49
1686,Ontario.b,53.5,-83.75,Ontario,333.3101195,0,0,2289.83
1687,Ontario.b,53,-83.75,Ontario,334.6138925,0,0,2316.99
1688,Ontario.b,52.5,-83.75,Ontario,307.1583177,0,0,2343.98
1689,Ontario.b,52,-83.75,Ontario,251.7559978,0,0,2370.79
169,British Columbia.a,57,-127.5,British Columbia,44.9267357,0,0,1885.42
1690,Ontario.b,51.5,-83.75,Ontario,196.4638924,0,0,2397.42
1691,Ontario.b,51,-83.75,Ontario,141.4113432,0,0,2423.87
1692,Ontario.b,50.5,-83.75,Ontario,89.1348151,0,0,2205.12
1693,Ontario.b,50,-83.75,Ontario,34.0196289,0,0,2476.21
1694,Ontario.b,49.5,-83.75,Ontario,23.4905992,5336,0,2251.89
1695,Ontario.b,49,-83.75,Ontario,78.2843187,0,0,2275.01
1696,Ontario.b,48.5,-83.75,Ontario,77.151431,0,0,2553.3
1697,Ontario.b,48,-83.75,Ontario,30.5262813,0,0,2320.75
1698,Ontario.b,47.5,-83.75,Ontario,45.7546525,2175,0,2603.72
1699,Ontario.b,47,-83.75,Ontario,56.101386,0,0,2628.63
17,British Columbia.a,59,-134.375,British Columbia,334.6304549,0,0,1385.98
170,British Columbia.a,56.5,-127.5,British Columbia,71.1661352,0,0,1910.92
1700,Ontario.b,46.5,-83.75,Ontario,18.9494101,0,0,2388.01
1701,Ontario.b,46,-83.75,Ontario,46.8160026,4028,1071.15,1338.93
1702,Ontario.b,45.5,-83.75,Ontario,94.542371,16,810.65,270.22
1703,Ontario.b,55.5,-83.125,Ontario,333.3946062,0,2179.44,0
1704,Ontario.b,55,-83.125,Ontario,306.3207081,0,1324.38,882.92
1705,Ontario.b,54.5,-83.125,Ontario,415.0282434,0,0,2234.98
1706,Ontario.b,54,-83.125,Ontario,363.1710021,0,0,2262.49
1707,Ontario.b,53.5,-83.125,Ontario,312.6004994,0,0,2289.83
1708,Ontario.b,53,-83.125,Ontario,264.0570572,0,0,2316.99
1709,Ontario.b,52.5,-83.125,Ontario,218.8934646,0,0,2343.98
171,British Columbia.a,56,-127.5,British Columbia,84.6008289,0,0,2151.43
1710,Ontario.b,52,-83.125,Ontario,215.7537924,0,0,2370.79
1711,Ontario.b,51.5,-83.125,Ontario,163.5908836,0,0,2157.68
1712,Ontario.b,51,-83.125,Ontario,114.7004678,0,0,2423.87
1713,Ontario.b,50.5,-83.125,Ontario,96.4032961,0,0,2450.13
1714,Ontario.b,50,-83.125,Ontario,50.2006209,0,0,2476.21
1715,Ontario.b,49.5,-83.125,Ontario,43.9168849,200,0,2502.1
1716,Ontario.b,49,-83.125,Ontario,67.0945909,757,0,2275.01
1717,Ontario.b,48.5,-83.125,Ontario,76.059864,0,0,2553.3
1718,Ontario.b,48,-83.125,Ontario,27.6167101,0,0,2320.75
1719,Ontario.b,47.5,-83.125,Ontario,43.8451239,0,0,2343.35
172,British Columbia.a,55.5,-127.5,British Columbia,29.614039,0,0,2179.44
1720,Ontario.b,47,-83.125,Ontario,12.1043535,0,0,2365.77
1721,Ontario.b,46.5,-83.125,Ontario,24.1378202,0,0,2122.68
1722,Ontario.b,46,-83.125,Ontario,28.1661813,16090,1071.15,1606.72
1723,Ontario.b,45.5,-83.125,Ontario,82.544823,1382,1891.52,540.43
1724,Ontario.a,45,-83.125,Ontario,135.9371961,0,545.26,0
1725,Ontario.a,43,-83.125,Ontario,55.0681784,0,0,0
1726,Ontario.a,42.5,-83.125,Ontario,22.3291314,0,142.18,142.18
1727,Ontario.a,42,-83.125,Ontario,28.6438345,392950,859.94,1433.24
1728,Ontario.a,41.5,-83.125,Ontario,69.4670799,29910,1444.54,0
1729,Ontario.b,55.5,-82.5,Ontario,301.4208766,0,2179.44,0
173,British Columbia.a,55,-127.5,British Columbia,27.9076235,594,0,2207.29
1730,Ontario.b,55,-82.5,Ontario,270.7018342,0,1986.57,220.73
1731,Ontario.b,54.5,-82.5,Ontario,248.7643824,0,1564.48,670.49
1732,Ontario.b,54,-82.5,Ontario,332.8823638,0,1583.74,678.75
1733,Ontario.b,53.5,-82.5,Ontario,296.5816251,0,1144.91,1144.91
1734,Ontario.b,53,-82.5,Ontario,244.6510641,0,1158.5,1158.5
1735,Ontario.b,52.5,-82.5,Ontario,194.7544931,1586,703.19,1640.79
1736,Ontario.b,52,-82.5,Ontario,148.9502221,0,0,2370.79
1737,Ontario.b,51.5,-82.5,Ontario,151.8930733,0,0,2397.42
1738,Ontario.b,51,-82.5,Ontario,97.0854666,0,0,2423.87
1739,Ontario.b,50.5,-82.5,Ontario,44.2922646,0,0,2450.13
174,British Columbia.a,54.5,-127.5,British Columbia,37.8144113,12444,0,2234.98
1740,Ontario.b,50,-82.5,Ontario,24.0259296,2546,0,2476.21
1741,Ontario.b,49.5,-82.5,Ontario,9.7059057,0,0,2251.89
1742,Ontario.b,49,-82.5,Ontario,44.6794653,9681,0,2275.01
1743,Ontario.b,48.5,-82.5,Ontario,50.8397249,0,0,2553.3
1744,Ontario.b,48,-82.5,Ontario,49.8673492,0,0,2578.61
1745,Ontario.b,47.5,-82.5,Ontario,84.9567776,2902,0,2343.35
1746,Ontario.b,47,-82.5,Ontario,56.685591,0,0,2365.77
1747,Ontario.b,46.5,-82.5,Ontario,11.2495215,0,0,2653.35
1748,Ontario.b,46,-82.5,Ontario,27.0039909,5022,535.57,2142.29
1749,Ontario.b,45.5,-82.5,Ontario,80.1006379,5703,1351.09,1351.09
175,British Columbia.a,54,-127.5,British Columbia,42.0157182,0,0,2262.49
1750,Ontario.a,45,-82.5,Ontario,103.2937781,0,2589.96,0
1751,Ontario.a,44.5,-82.5,Ontario,74.1022764,0,2200.14,0
1752,Ontario.a,44,-82.5,Ontario,71.3813651,0,1941.7,0
1753,Ontario.a,43.5,-82.5,Ontario,59.2250155,0,1678.4,0
1754,Ontario.a,43,-82.5,Ontario,9.2227694,97105,1410.3,564.12
1755,Ontario.a,42.5,-82.5,Ontario,15.1928802,31377,0,2559.28
1756,Ontario.a,42,-82.5,Ontario,16.8056179,103988,1146.59,1719.88
1757,Ontario.a,41.5,-82.5,Ontario,64.4486575,0,1155.63,0
1758,Ontario.b,55.5,-81.875,Ontario,271.6371003,0,2179.44,0
1759,Ontario.b,55,-81.875,Ontario,236.6365229,0,2207.29,0
176,British Columbia.a,53.5,-127.5,British Columbia,29.5407373,0,0,2060.85
1760,Ontario.b,54.5,-81.875,Ontario,210.6826372,0,2234.98,0
1761,Ontario.b,54,-81.875,Ontario,197.3770593,0,2262.49,0
1762,Ontario.b,53.5,-81.875,Ontario,266.5970631,0,2289.83,0
1763,Ontario.b,53,-81.875,Ontario,214.3044233,0,1390.2,926.8
1764,Ontario.b,52.5,-81.875,Ontario,177.8966046,0,1640.79,703.19
1765,Ontario.b,52,-81.875,Ontario,125.8303011,775,948.32,1422.48
1766,Ontario.b,51.5,-81.875,Ontario,78.7486132,0,0,2397.42
1767,Ontario.b,51,-81.875,Ontario,54.2798438,0,0,2423.87
1768,Ontario.b,50.5,-81.875,Ontario,39.0689612,0,0,2450.13
1769,Ontario.b,50,-81.875,Ontario,18.7318691,0,0,2476.21
177,British Columbia.a,53,-127.5,British Columbia,69.1887597,0,0,1853.59
1770,Ontario.b,49.5,-81.875,Ontario,23.3450532,0,0,2502.1
1771,Ontario.b,49,-81.875,Ontario,34.6644776,1200,0,2527.79
1772,Ontario.b,48.5,-81.875,Ontario,29.1524965,0,0,2553.3
1773,Ontario.b,48,-81.875,Ontario,27.1090092,41145,0,2578.61
1774,Ontario.b,47.5,-81.875,Ontario,35.3992653,210,0,2603.72
1775,Ontario.b,47,-81.875,Ontario,54.4784876,0,0,2628.63
1776,Ontario.b,46.5,-81.875,Ontario,24.4140119,0,0,2388.01
1777,Ontario.b,46,-81.875,Ontario,2.880512,6594,0,2142.29
1778,Ontario.b,45.5,-81.875,Ontario,53.7602728,3736,2161.74,540.43
1779,Ontario.a,45,-81.875,Ontario,77.891439,7045,2181.02,545.26
178,British Columbia.a,52.5,-127.5,British Columbia,121.8663873,0,0,1875.19
1780,Ontario.a,44.5,-81.875,Ontario,29.1329585,799,2200.14,550.03
1781,Ontario.a,44,-81.875,Ontario,23.0909811,35899,1109.54,1664.31
1782,Ontario.a,43.5,-81.875,Ontario,21.4264512,39718,839.2,1958.13
1783,Ontario.a,43,-81.875,Ontario,12.670604,48518,564.12,2256.48
1784,Ontario.a,42.5,-81.875,Ontario,1.0547817,47407,568.73,2274.91
1785,Ontario.a,42,-81.875,Ontario,46.7093826,0,2006.53,286.65
1786,Ontario.a,41.5,-81.875,Ontario,95.833852,0,288.91,0
1787,Ontario.b,55.5,-81.25,Ontario,244.8465305,0,2179.44,0
1788,Ontario.b,55,-81.25,Ontario,204.9044144,0,2207.29,0
1789,Ontario.b,54.5,-81.25,Ontario,173.7893758,0,2234.98,0
179,British Columbia.a,52,-127.5,British Columbia,143.0118336,0,0,1659.55
1790,Ontario.b,54,-81.25,Ontario,156.8458094,0,2262.49,0
1791,Ontario.b,53.5,-81.25,Ontario,257.2297987,0,2289.83,0
1792,Ontario.b,53,-81.25,Ontario,202.3916842,0,1853.59,463.4
1793,Ontario.b,52.5,-81.25,Ontario,148.1205675,0,1406.39,937.59
1794,Ontario.b,52,-81.25,Ontario,95.3891787,0,2252.25,118.54
1795,Ontario.b,51.5,-81.25,Ontario,59.7045807,0,479.48,1917.94
1796,Ontario.b,51,-81.25,Ontario,9.2706364,1512,0,2181.48
1797,Ontario.b,50.5,-81.25,Ontario,16.8413325,0,0,2450.13
1798,Ontario.b,50,-81.25,Ontario,20.8231049,0,0,2476.21
1799,Ontario.b,49.5,-81.25,Ontario,12.8375873,0,0,2502.1
18,British Columbia.a,58.5,-134.375,British Columbia,295.849046,0,0,1004.47
180,British Columbia.a,51.5,-127.5,British Columbia,87.4143999,77,0,1917.94
1800,Ontario.b,49,-81.25,Ontario,12.2009997,5518,0,2527.79
1801,Ontario.b,48.5,-81.25,Ontario,2.8112659,4418,0,2297.97
1802,Ontario.b,48,-81.25,Ontario,41.4067287,66,0,2320.75
1803,Ontario.b,47.5,-81.25,Ontario,11.6068035,3478,0,2603.72
1804,Ontario.b,47,-81.25,Ontario,37.1371912,0,0,2628.63
1805,Ontario.b,46.5,-81.25,Ontario,7.2409741,166128,0,2388.01
1806,Ontario.b,46,-81.25,Ontario,42.4812249,814,0,2677.86
1807,Ontario.b,45.5,-81.25,Ontario,73.8579266,0,2161.74,540.43
1808,Ontario.a,45,-81.25,Ontario,55.1828163,0,2726.28,0
1809,Ontario.a,44.5,-81.25,Ontario,27.2409549,53914,1925.12,825.05
181,British Columbia.a,51,-127.5,British Columbia,31.81707,0,0,1939.1
1810,Ontario.a,44,-81.25,Ontario,12.4580723,50755,0,2773.86
1811,Ontario.a,43.5,-81.25,Ontario,9.1263576,50834,0,2797.33
1812,Ontario.a,43,-81.25,Ontario,0.9938026,178303,0,2820.59
1813,Ontario.a,42.5,-81.25,Ontario,33.0649023,540362,853.09,1990.55
1814,Ontario.a,42,-81.25,Ontario,83.6263672,0,1433.24,0
1815,Ontario.b,55.5,-80.625,Ontario,222.1372731,0,2179.44,0
1816,Ontario.b,55,-80.625,Ontario,176.7696545,0,2207.29,0
1817,Ontario.b,54.5,-80.625,Ontario,139.0379355,0,2234.98,0
1818,Ontario.b,54,-80.625,Ontario,116.6065111,0,2262.49,0
1819,Ontario.b,53.5,-80.625,Ontario,118.5078207,0,2289.83,0
182,British Columbia.a,50.5,-127.5,British Columbia,6.6203992,8582,1715.09,735.04
1820,Ontario.b,53,-80.625,Ontario,199.0997252,0,2316.99,0
1821,Ontario.b,52.5,-80.625,Ontario,143.5369576,0,2343.98,0
1822,Ontario.b,52,-80.625,Ontario,88.0180088,0,2370.79,0
1823,Ontario.b,51.5,-80.625,Ontario,32.7663788,0,2157.68,239.74
1824,Ontario.b,51,-80.625,Ontario,24.052055,1376,727.16,1696.71
1825,Ontario.b,50.5,-80.625,Ontario,62.9372432,0,0,2450.13
1826,Ontario.b,50,-80.625,Ontario,71.8596689,0,0,1980.97
1827,Ontario.b,49.5,-80.625,Ontario,42.8717868,0,0,2502.1
1828,Ontario.b,49,-80.625,Ontario,26.1584525,0,0,2527.79
1829,Ontario.b,48.5,-80.625,Ontario,15.7405853,2572,0,2042.64
183,British Columbia.a,50,-127.5,British Columbia,48.9866427,896,495.24,1980.97
1830,Ontario.b,48,-80.625,Ontario,7.3948657,7780,0,2578.61
1831,Ontario.b,47.5,-80.625,Ontario,38.7883102,348,0,2603.72
1832,Ontario.b,47,-80.625,Ontario,47.7715149,0,0,2102.91
1833,Ontario.b,46.5,-80.625,Ontario,5.2371299,3814,0,2122.68
1834,Ontario.b,46,-80.625,Ontario,54.7486522,18969,0,2142.29
1835,Ontario.b,45.5,-80.625,Ontario,47.0821597,3883,540.43,2161.74
1836,Ontario.a,45,-80.625,Ontario,56.7961135,15135,1908.39,817.88
1837,Ontario.a,44.5,-80.625,Ontario,5.0274804,47876,2475.15,275.02
1838,Ontario.a,44,-80.625,Ontario,15.4855345,83934,0,2773.86
1839,Ontario.a,43.5,-80.625,Ontario,5.7038288,281287,0,2797.33
184,British Columbia.a,49.5,-127.5,British Columbia,80.3965552,29,2001.68,500.42
1840,Ontario.a,43,-80.625,Ontario,13.5304765,687090,0,2820.59
1841,Ontario.a,42.5,-80.625,Ontario,42.1627174,68265,1137.46,1706.18
1842,Ontario.a,42,-80.625,Ontario,92.1333072,0,859.94,0
1843,Quebec.b,58.5,-80,Quebec,530.0319829,0,2008.93,0
1844,Quebec.b,58,-80,Quebec,475.0288131,0,2037.75,0
1845,Quebec.b,55.5,-80,Quebec,204.8731016,0,2179.44,0
1846,Quebec.b,55,-80,Quebec,154.2166134,0,2207.29,0
1847,Quebec.b,54.5,-80,Quebec,108.5100204,0,1787.98,447
1848,Quebec.b,54,-80,Quebec,77.123082,0,2036.24,226.25
1849,Quebec.b,53.5,-80,Quebec,79.3939521,0,2289.83,0
185,British Columbia.a,59.5,-126.875,British Columbia,278.7178254,0,0,1950.85
1850,Quebec.b,53,-80,Quebec,80.8317667,0,2316.99,0
1851,Quebec.b,52.5,-80,Quebec,98.8785398,0,2343.98,0
1852,Ontario.b,52,-80,Ontario,100.6100118,0,2370.79,0
1853,Ontario.b,51.5,-80,Ontario,58.8957012,0,2157.68,239.74
1854,Ontario.b,51,-80,Ontario,54.745453,0,969.55,1454.32
1855,Ontario.b,50.5,-80,Ontario,93.3137583,0,0,2450.13
1856,Ontario.b,50,-80,Ontario,72.6355214,0,0,2476.21
1857,Ontario.b,49.5,-80,Ontario,55.5766169,0,0,2502.1
1858,Ontario.b,49,-80,Ontario,45.6797832,0,0,1516.68
1859,Ontario.b,48.5,-80,Ontario,24.9417245,1436,0,2553.3
186,British Columbia.a,59,-126.875,British Columbia,223.1427149,0,0,1979.97
1860,Ontario.b,48,-80,Ontario,7.5589176,1480,0,2578.61
1861,Ontario.b,47.5,-80,Ontario,22.4255251,8778,0,2343.35
1862,Ontario.b,47,-80,Ontario,16.0650285,16089,0,2628.63
1863,Ontario.b,46.5,-80,Ontario,11.0237638,0,0,2653.35
1864,Ontario.b,46,-80,Ontario,45.5107207,60035,0,1874.5
1865,Ontario.b,45.5,-80,Ontario,5.7815604,8003,0,2702.17
1866,Ontario.a,45,-80,Ontario,35.2148386,15258,272.63,2453.65
1867,Ontario.a,44.5,-80,Ontario,12.8194568,109989,550.03,2200.14
1868,Ontario.a,44,-80,Ontario,15.8688243,456222,0,2219.09
1869,Ontario.a,43.5,-80,Ontario,16.0839665,4922844,559.47,2237.87
187,British Columbia.a,58.5,-126.875,British Columbia,167.5824261,0,0,2008.93
1870,Ontario.a,43,-80,Ontario,5.5244252,1173095,1128.24,1692.36
1871,Ontario.a,42.5,-80,Ontario,33.7227485,49216,1990.55,853.09
1872,Ontario.a,42,-80,Ontario,89.1265044,0,143.32,0
1873,Quebec.b,59.5,-79.375,Quebec,637.4390978,0,1950.85,0
1874,Quebec.b,59,-79.375,Quebec,581.9187859,0,1979.97,0
1875,Quebec.b,58.5,-79.375,Quebec,526.4147101,0,2008.93,0
1876,Quebec.b,58,-79.375,Quebec,470.9326111,0,2037.75,0
1877,Quebec.b,57.5,-79.375,Quebec,415.4812934,0,2066.41,0
1878,Quebec.b,55.5,-79.375,Quebec,194.5108376,0,2179.44,0
1879,Quebec.b,55,-79.375,Quebec,139.972017,0,2207.29,0
188,British Columbia.a,58,-126.875,British Columbia,112.0590075,0,0,2037.75
1880,Quebec.b,54.5,-79.375,Quebec,86.7869166,0,670.49,1564.48
1881,Quebec.b,54,-79.375,Quebec,40.6678746,0,452.5,1809.99
1882,Quebec.b,53.5,-79.375,Quebec,44.2480163,4985,1144.91,1144.91
1883,Quebec.b,53,-79.375,Quebec,39.014528,1562,1158.5,1158.5
1884,Quebec.b,52.5,-79.375,Quebec,68.6105758,0,2109.58,234.4
1885,Quebec.b,52,-79.375,Quebec,118.6371251,0,2370.79,0
1886,Quebec.b,51.5,-79.375,Quebec,98.122714,0,1678.2,719.23
1887,Quebec.b,51,-79.375,Quebec,134.8859445,0,484.77,1939.1
1888,Quebec.b,50.5,-79.375,Quebec,81.6034988,0,0,2450.13
1889,Quebec.b,50,-79.375,Quebec,48.7560626,0,0,2476.21
189,British Columbia.a,57.5,-126.875,British Columbia,56.6809149,0,0,2066.41
1890,Quebec.b,49.5,-79.375,Quebec,12.6485204,0,0,2502.1
1891,Quebec.b,49,-79.375,Quebec,0.5146338,0,0,2527.79
1892,Quebec.b,48.5,-79.375,Quebec,30.3051622,19186,0,2042.64
1893,Quebec.b,48,-79.375,Quebec,42.451229,42313,0,2320.75
1894,Quebec.b,47.5,-79.375,Quebec,8.6859075,2231,0,2343.35
1895,Quebec.b,47,-79.375,Quebec,16.5598829,3400,0,2365.77
1896,Quebec.b,46.5,-79.375,Quebec,12.9829365,4736,0,2388.01
1897,Ontario.b,46,-79.375,Ontario,37.1674598,12460,0,2677.86
1898,Ontario.a,45.5,-79.375,Ontario,32.9364344,6656,0,2702.17
1899,Ontario.a,45,-79.375,Ontario,7.8240311,27494,0,2453.65
19,British Columbia.a,59.5,-133.75,British Columbia,357.8774123,18,0,1755.76
190,British Columbia.a,57,-126.875,British Columbia,7.0981953,0,0,2094.91
1900,Ontario.a,44.5,-79.375,Ontario,19.8302423,121084,0,2475.15
1901,Ontario.a,44,-79.375,Ontario,6.8582675,153566,0,2219.09
1902,Ontario.a,43.5,-79.375,Ontario,15.6280287,878239,1958.13,839.2
1903,Ontario.a,43,-79.375,Ontario,8.1260108,292314,564.12,564.12
1904,Ontario.a,42.5,-79.375,Ontario,43.7157224,115571,568.73,568.73
1905,Quebec.b,59.5,-78.75,Quebec,636.8019086,0,1950.85,0
1906,Quebec.b,59,-78.75,Quebec,581.2106093,0,1781.97,198
1907,Quebec.b,58.5,-78.75,Quebec,525.6206099,0,1406.25,602.68
1908,Quebec.b,58,-78.75,Quebec,470.0323717,1821,2037.75,0
1909,Quebec.b,57.5,-78.75,Quebec,414.4466033,0,2066.41,0
191,British Columbia.a,56.5,-126.875,British Columbia,55.4093491,0,0,2123.25
1910,Quebec.b,57,-78.75,Quebec,358.8644525,0,2094.91,0
1911,Quebec.b,56.5,-78.75,Quebec,303.2879082,0,2123.25,0
1912,Quebec.b,56,-78.75,Quebec,247.7207439,0,2151.43,0
1913,Quebec.b,55.5,-78.75,Quebec,192.1710965,0,2179.44,0
1914,Quebec.b,55,-78.75,Quebec,136.6603286,0,1986.57,220.73
1915,Quebec.b,54.5,-78.75,Quebec,81.2681499,0,223.5,2011.48
1916,Quebec.b,54,-78.75,Quebec,26.7419272,0,0,2262.49
1917,Quebec.b,53.5,-78.75,Quebec,28.3202227,0,0,2289.83
1918,Quebec.b,53,-78.75,Quebec,2.8958497,0,0,2316.99
1919,Quebec.b,52.5,-78.75,Quebec,56.3575317,0,0,2343.98
192,British Columbia.a,56,-126.875,British Columbia,110.7797855,0,0,2151.43
1920,Quebec.b,52,-78.75,Quebec,111.9201155,924,474.16,1896.63
1921,Quebec.b,51.5,-78.75,Quebec,167.5058465,0,0,2397.42
1922,Quebec.b,51,-78.75,Quebec,132.4476746,2536,0,2423.87
1923,Quebec.b,50.5,-78.75,Quebec,77.4618045,0,0,2450.13
1924,Quebec.b,50,-78.75,Quebec,25.3065265,0,0,2228.59
1925,Quebec.b,49.5,-78.75,Quebec,38.2446582,0,0,2251.89
1926,Quebec.b,49,-78.75,Quebec,43.4040654,0,0,2527.79
1927,Quebec.b,48.5,-78.75,Quebec,21.4520056,2992,0,2553.3
1928,Quebec.b,48,-78.75,Quebec,14.8820704,2162,0,2062.88
1929,Quebec.b,47.5,-78.75,Quebec,49.918187,496,0,2082.98
193,British Columbia.a,55.5,-126.875,British Columbia,82.8322969,0,0,2179.44
1930,Quebec.b,47,-78.75,Quebec,41.0449287,285,0,2365.77
1931,Quebec.b,46.5,-78.75,Quebec,13.1953016,10,0,2388.01
1932,Ontario.b,46,-78.75,Ontario,41.964431,2863,0,2410.08
1933,Ontario.a,45.5,-78.75,Ontario,57.6231509,102,0,2431.95
1934,Ontario.a,45,-78.75,Ontario,10.4206714,7182,0,2453.65
1935,Ontario.a,44.5,-78.75,Ontario,12.6786418,17240,0,2750.17
1936,Ontario.a,44,-78.75,Ontario,7.4780625,132051,0,2219.09
1937,Ontario.a,43.5,-78.75,Ontario,42.0047567,139240,1398.67,559.47
1938,Quebec.b,59.5,-78.125,Quebec,636.8516837,0,1560.68,390.17
1939,Quebec.b,59,-78.125,Quebec,581.3621601,0,395.99,1583.97
194,British Columbia.a,55,-126.875,British Columbia,30.7649508,75,0,1986.57
1940,Quebec.b,58.5,-78.125,Quebec,525.8953682,0,0,2008.93
1941,Quebec.b,58,-78.125,Quebec,470.4593483,0,1222.65,815.1
1942,Quebec.b,57.5,-78.125,Quebec,415.0664303,0,2066.41,0
1943,Quebec.b,57,-78.125,Quebec,359.7365253,0,2094.91,0
1944,Quebec.b,56.5,-78.125,Quebec,304.503985,0,2123.25,0
1945,Quebec.b,56,-78.125,Quebec,249.4334965,0,2151.43,0
1946,Quebec.b,55.5,-78.125,Quebec,194.662643,0,2179.44,0
1947,Quebec.b,55,-78.125,Quebec,143.8254987,792,882.92,1324.38
1948,Quebec.b,54.5,-78.125,Quebec,89.6324567,0,0,2011.48
1949,Quebec.b,54,-78.125,Quebec,39.551281,0,0,2036.24
195,British Columbia.a,54.5,-126.875,British Columbia,7.27047,836,0,2011.48
1950,Quebec.b,53.5,-78.125,Quebec,35.73169,0,0,1602.88
1951,Quebec.b,53,-78.125,Quebec,44.6390755,0,0,2085.29
1952,Quebec.b,52.5,-78.125,Quebec,71.9955685,0,0,2109.58
1953,Quebec.b,52,-78.125,Quebec,120.6487937,0,0,2133.71
1954,Quebec.b,51.5,-78.125,Quebec,173.5250867,0,0,2157.68
1955,Quebec.b,51,-78.125,Quebec,146.6139219,0,0,2181.48
1956,Quebec.b,50.5,-78.125,Quebec,92.7042674,0,0,2205.12
1957,Quebec.b,50,-78.125,Quebec,48.7233136,0,0,2228.59
1958,Quebec.b,49.5,-78.125,Quebec,6.9564079,1402,0,2502.1
1959,Quebec.b,49,-78.125,Quebec,13.0321828,0,0,2527.79
196,British Columbia.a,54,-126.875,British Columbia,43.294338,3052,0,2262.49
1960,Quebec.b,48.5,-78.125,Quebec,5.6508437,15777,0,2553.3
1961,Quebec.b,48,-78.125,Quebec,12.5399688,41234,0,2062.88
1962,Quebec.b,47.5,-78.125,Quebec,33.0041289,0,0,2082.98
1963,Quebec.b,47,-78.125,Quebec,86.6323641,0,0,2365.77
1964,Quebec.b,46.5,-78.125,Quebec,48.4211533,0,0,2653.35
1965,Ontario.a,46,-78.125,Ontario,38.7588599,408,0,2677.86
1966,Ontario.a,45.5,-78.125,Ontario,7.9451942,7392,0,2431.95
1967,Ontario.a,45,-78.125,Ontario,43.5036502,11015,0,2453.65
1968,Ontario.a,44.5,-78.125,Ontario,27.7089458,16357,0,2750.17
1969,Ontario.a,44,-78.125,Ontario,10.3912265,104358,0,2496.47
197,British Columbia.a,53.5,-126.875,British Columbia,27.5617638,0,0,1831.86
1970,Ontario.a,43.5,-78.125,Ontario,52.2192304,0,1678.4,279.73
1971,Quebec.b,59.5,-77.5,Quebec,635.7292709,0,0,1755.76
1972,Quebec.b,59,-77.5,Quebec,580.1321418,0,0,1979.97
1973,Quebec.b,58.5,-77.5,Quebec,524.5350833,0,0,2008.93
1974,Quebec.b,58,-77.5,Quebec,468.9381206,0,203.77,1833.97
1975,Quebec.b,57.5,-77.5,Quebec,413.3412923,0,1653.12,413.28
1976,Quebec.b,57,-77.5,Quebec,357.744661,0,2094.91,0
1977,Quebec.b,56.5,-77.5,Quebec,302.1483356,0,2123.25,0
1978,Quebec.b,56,-77.5,Quebec,246.5525228,0,2151.43,0
1979,Quebec.b,55.5,-77.5,Quebec,190.9576707,0,1307.67,871.78
198,British Columbia.a,53,-126.875,British Columbia,77.7675121,0,0,2085.29
1980,Quebec.b,55,-77.5,Quebec,135.3649626,1022,0,2096.93
1981,Quebec.b,54.5,-77.5,Quebec,79.7788809,0,0,2011.48
1982,Quebec.b,54,-77.5,Quebec,24.2450449,0,0,2262.49
1983,Quebec.b,53.5,-77.5,Quebec,31.5139683,0,0,686.95
1984,Quebec.b,53,-77.5,Quebec,82.2987204,0,0,2085.29
1985,Quebec.b,52.5,-77.5,Quebec,61.6417477,0,0,2343.98
1986,Quebec.b,52,-77.5,Quebec,94.9004806,0,0,2133.71
1987,Quebec.b,51.5,-77.5,Quebec,142.8092388,0,0,2157.68
1988,Quebec.b,51,-77.5,Quebec,144.8171531,0,0,2181.48
1989,Quebec.b,50.5,-77.5,Quebec,89.8045212,0,0,1715.09
199,British Columbia.a,52.5,-126.875,British Columbia,132.3558014,0,0,2343.98
1990,Quebec.b,50,-77.5,Quebec,36.6038015,0,0,1980.97
1991,Quebec.b,49.5,-77.5,Quebec,28.2305969,0,0,2251.89
1992,Quebec.b,49,-77.5,Quebec,34.7032497,2091,0,2527.79
1993,Quebec.b,48.5,-77.5,Quebec,13.0900289,261,0,2297.97
1994,Quebec.b,48,-77.5,Quebec,9.8358034,2706,0,2320.75
1995,Quebec.b,47.5,-77.5,Quebec,65.4276678,257,0,2343.35
1996,Quebec.b,47,-77.5,Quebec,92.1625479,0,0,2365.77
1997,Quebec.b,46.5,-77.5,Quebec,38.3244074,5,0,2653.35
1998,Ontario.a,46,-77.5,Ontario,9.810633,4711,0,2677.86
1999,Ontario.a,45.5,-77.5,Ontario,42.7541364,50192,0,2431.95
2,British Columbia.a,59.5,-138.75,British Columbia,565.2254165,0,0,1170.51
20,British Columbia.a,59,-133.75,British Columbia,311.821912,83,0,1781.97
200,British Columbia.a,52,-126.875,British Columbia,149.4170849,1502,0,2133.71
2000,Ontario.a,45,-77.5,Ontario,17.9609992,7984,0,2453.65
2001,Ontario.a,44.5,-77.5,Ontario,13.7967662,6067,0,2475.15
2002,Ontario.a,44,-77.5,Ontario,16.414911,93397,554.77,2219.09
2003,Ontario.a,43.5,-77.5,Ontario,70.5646955,25704,1398.67,559.47
2004,Quebec.b,59.5,-76.875,Quebec,636.985888,0,0,1950.85
2005,Quebec.b,59,-76.875,Quebec,581.5288466,0,0,1979.97
2006,Quebec.b,58.5,-76.875,Quebec,526.1013575,0,0,2008.93
2007,Quebec.b,58,-76.875,Quebec,470.7138603,0,0,1833.97
2008,Quebec.b,57.5,-76.875,Quebec,415.382353,0,103.32,1963.09
2009,Quebec.b,57,-76.875,Quebec,360.132644,0,628.47,1466.43
201,British Columbia.a,51.5,-126.875,British Columbia,104.1190842,0,0,2397.42
2010,Quebec.b,56.5,-76.875,Quebec,305.0091876,541,1061.62,1061.62
2011,Quebec.b,56,-76.875,Quebec,250.0954796,0,1506,645.43
2012,Quebec.b,55.5,-76.875,Quebec,195.5682861,0,0,2070.47
2013,Quebec.b,55,-76.875,Quebec,141.873963,0,0,2207.29
2014,Quebec.b,54.5,-76.875,Quebec,90.5071791,0,0,2234.98
2015,Quebec.b,54,-76.875,Quebec,49.3653605,0,0,1583.74
2016,Quebec.b,53.5,-76.875,Quebec,53.5199909,0,0,1144.91
2017,Quebec.b,53,-76.875,Quebec,40.4149372,0,0,1621.9
2018,Quebec.b,52.5,-76.875,Quebec,24.9304943,0,0,1640.79
2019,Quebec.b,52,-76.875,Quebec,76.1040997,0,0,1896.63
202,British Columbia.a,51,-126.875,British Columbia,49.6538469,695,0,2181.48
2020,Quebec.b,51.5,-76.875,Quebec,61.2374964,832,0,2157.68
2021,Quebec.b,51,-76.875,Quebec,97.3275133,0,0,2181.48
2022,Quebec.b,50.5,-76.875,Quebec,107.2813182,0,0,2205.12
2023,Quebec.b,50,-76.875,Quebec,89.9247191,0,0,2228.59
2024,Quebec.b,49.5,-76.875,Quebec,34.9606514,0,0,2001.68
2025,Quebec.b,49,-76.875,Quebec,5.5225661,0,0,2275.01
2026,Quebec.b,48.5,-76.875,Quebec,28.8131606,0,0,2297.97
2027,Quebec.b,48,-76.875,Quebec,49.8776085,2782,0,2320.75
2028,Quebec.b,47.5,-76.875,Quebec,80.5867156,0,0,2343.35
2029,Quebec.b,47,-76.875,Quebec,111.5238881,0,0,1840.04
203,British Columbia.a,50.5,-126.875,British Columbia,2.2083043,60,1225.07,1225.07
2030,Quebec.b,46.5,-76.875,Quebec,62.0921364,0,0,2388.01
2031,Quebec.a,46,-76.875,Quebec,31.6724607,2250,0,2677.86
2032,Ontario.a,45.5,-76.875,Ontario,12.6580747,20278,0,2431.95
2033,Ontario.a,45,-76.875,Ontario,8.8725884,54031,0,2453.65
2034,Ontario.a,44.5,-76.875,Ontario,18.0317954,48991,0,2475.15
2035,Ontario.a,44,-76.875,Ontario,16.3196249,152358,1109.54,1664.31
2036,Ontario.a,43.5,-76.875,Ontario,65.8258886,0,839.2,0
2037,Quebec.b,59.5,-76.25,Quebec,641.3712206,0,0,1950.85
2038,Quebec.b,59,-76.25,Quebec,585.7923836,0,0,1979.97
2039,Quebec.b,58.5,-76.25,Quebec,530.21744,0,0,1607.15
204,British Columbia.a,50,-126.875,British Columbia,9.0447107,371,0,2228.59
2040,Quebec.b,58,-76.25,Quebec,474.6477576,5,0,1833.97
2041,Quebec.b,57.5,-76.25,Quebec,419.0854292,0,0,1859.77
2042,Quebec.b,57,-76.25,Quebec,363.5338269,0,0,2094.91
2043,Quebec.b,56.5,-76.25,Quebec,307.9987544,0,0,2123.25
2044,Quebec.b,56,-76.25,Quebec,252.4911191,0,0,1506
2045,Quebec.b,55.5,-76.25,Quebec,197.0341108,0,0,2179.44
2046,Quebec.b,55,-76.25,Quebec,141.6871891,0,0,2207.29
2047,Quebec.b,54.5,-76.25,Quebec,86.6615335,0,0,2234.98
2048,Quebec.b,54,-76.25,Quebec,33.5756809,0,0,1809.99
2049,Quebec.b,53.5,-76.25,Quebec,30.439685,0,0,1373.9
205,British Columbia.a,49.5,-126.875,British Columbia,49.606942,1474,750.63,1751.47
2050,Quebec.b,53,-76.25,Quebec,44.9088515,0,0,2085.29
2051,Quebec.b,52.5,-76.25,Quebec,37.6396156,0,0,2109.58
2052,Quebec.b,52,-76.25,Quebec,24.2995275,0,0,1659.55
2053,Quebec.b,51.5,-76.25,Quebec,26.94604,0,0,2157.68
2054,Quebec.b,51,-76.25,Quebec,80.097263,0,0,2423.87
2055,Quebec.b,50.5,-76.25,Quebec,85.8448542,0,0,2450.13
2056,Quebec.b,50,-76.25,Quebec,44.6257081,0,0,2228.59
2057,Quebec.b,49.5,-76.25,Quebec,50.1235204,459,0,2251.89
2058,Quebec.b,49,-76.25,Quebec,42.9353074,0,0,2275.01
2059,Quebec.b,48.5,-76.25,Quebec,85.7706261,0,0,2297.97
206,British Columbia.a,49,-126.875,British Columbia,94.9665657,0,2022.23,505.56
2060,Quebec.b,48,-76.25,Quebec,83.8491363,0,0,2320.75
2061,Quebec.b,47.5,-76.25,Quebec,124.4109622,0,0,2343.35
2062,Quebec.b,47,-76.25,Quebec,70.1701558,0,0,2365.77
2063,Quebec.b,46.5,-76.25,Quebec,23.4893294,2223,0,2122.68
2064,Quebec.a,46,-76.25,Quebec,19.6347507,15834,0,2142.29
2065,Quebec.a,45.5,-76.25,Quebec,3.2257546,342772,0,2431.95
2066,Ontario.a,45,-76.25,Ontario,23.6890373,1038987,0,2453.65
2067,Ontario.a,44.5,-76.25,Ontario,14.8386458,87134,0,2475.15
2068,Ontario.a,44,-76.25,Quebec,34.9673237,15187,0,554.77
2069,Quebec.b,59.5,-75.625,Quebec,641.6308828,0,0,1950.85
207,British Columbia.a,59.5,-126.25,British Columbia,280.2150677,0,0,1950.85
2070,Quebec.b,59,-75.625,Quebec,586.0807895,0,0,1781.97
2071,Quebec.b,58.5,-75.625,Quebec,530.5405896,0,0,2008.93
2072,Quebec.b,58,-75.625,Quebec,475.0137534,0,0,2037.75
2073,Quebec.b,57.5,-75.625,Quebec,419.5055876,0,0,2066.41
2074,Quebec.b,57,-75.625,Quebec,364.024633,0,0,1466.43
2075,Quebec.b,56.5,-75.625,Quebec,308.5855672,0,0,2123.25
2076,Quebec.b,56,-75.625,Quebec,253.2159051,0,0,2151.43
2077,Quebec.b,55.5,-75.625,Quebec,197.9738878,0,0,2179.44
2078,Quebec.b,55,-75.625,Quebec,143.007515,0,0,2207.29
2079,Quebec.b,54.5,-75.625,Quebec,89.1456564,0,0,2234.98
208,British Columbia.a,59,-126.25,British Columbia,225.0373255,0,0,1979.97
2080,Quebec.b,54,-75.625,Quebec,38.6265489,0,0,2262.49
2081,Quebec.b,53.5,-75.625,Quebec,34.9170313,0,0,686.95
2082,Quebec.b,53,-75.625,Quebec,66.6482825,0,0,2316.99
2083,Quebec.b,52.5,-75.625,Quebec,45.8059792,0,0,2343.98
2084,Quebec.b,52,-75.625,Quebec,36.7240536,0,0,1896.63
2085,Quebec.b,51.5,-75.625,Quebec,18.9595581,2638,0,1917.94
2086,Quebec.b,51,-75.625,Quebec,74.5146249,0,0,1939.1
2087,Quebec.b,50.5,-75.625,Quebec,76.4867273,0,0,2205.12
2088,Quebec.b,50,-75.625,Quebec,21.3622211,0,0,2228.59
2089,Quebec.b,49.5,-75.625,Quebec,35.2792288,0,0,2251.89
209,British Columbia.a,58.5,-126.25,British Columbia,170.1329459,0,0,2008.93
2090,Quebec.b,49,-75.625,Quebec,90.6369568,0,0,2022.23
2091,Quebec.b,48.5,-75.625,Quebec,99.6657897,0,0,1787.31
2092,Quebec.b,48,-75.625,Quebec,76.222374,0,0,1805.02
2093,Quebec.b,47.5,-75.625,Quebec,51.9277722,0,0,2343.35
2094,Quebec.b,47,-75.625,Quebec,51.1937858,5,0,2365.77
2095,Quebec.b,46.5,-75.625,Quebec,12.1953,23008,0,2388.01
2096,Quebec.a,46,-75.625,Quebec,10.680185,6604,0,2142.29
2097,Quebec.a,45.5,-75.625,Quebec,2.9742087,25570,0,2431.95
2098,Ontario.a,45,-75.625,Ontario,24.9609925,68767,0,2453.65
2099,Ontario.a,44.5,-75.625,Ontario,14.6387806,22627,0,1100.07
21,British Columbia.a,58.5,-133.75,British Columbia,269.3881014,0,0,1808.04
210,British Columbia.a,58,-126.25,British Columbia,115.8911059,0,0,2037.75
2100,Quebec.b,59.5,-75,Quebec,631.1539012,0,0,1755.76
2101,Quebec.b,59,-75,Quebec,576.3369405,0,0,1781.97
2102,Quebec.b,58.5,-75,Quebec,521.6847053,0,0,2008.93
2103,Quebec.b,58,-75,Quebec,478.5565425,0,0,2037.75
2104,Quebec.b,57.5,-75,Quebec,423.5676909,0,0,2066.41
2105,Quebec.b,57,-75,Quebec,368.7610947,0,0,1466.43
2106,Quebec.b,56.5,-75,Quebec,314.6567371,0,0,2123.25
2107,Quebec.b,56,-75,Quebec,260.5186112,0,0,1290.86
2108,Quebec.b,55.5,-75,Quebec,224.1661499,0,0,2179.44
2109,Quebec.b,55,-75,Quebec,168.5725143,0,0,2207.29
211,British Columbia.a,57.5,-126.25,British Columbia,64.0186324,0,0,2066.41
2110,Quebec.b,54.5,-75,Quebec,112.9826446,0,0,2234.98
2111,Quebec.b,54,-75,Quebec,57.407482,0,0,2262.49
2112,Quebec.b,53.5,-75,Quebec,2.8836741,0,0,1144.91
2113,Quebec.b,53,-75,Quebec,53.8810519,0,0,2085.29
2114,Quebec.b,52.5,-75,Quebec,109.4539882,0,0,2343.98
2115,Quebec.b,52,-75,Quebec,55.3829804,0,0,2370.79
2116,Quebec.b,51.5,-75,Quebec,45.795271,0,0,2397.42
2117,Quebec.b,51,-75,Quebec,38.0126095,0,0,2181.48
2118,Quebec.b,50.5,-75,Quebec,79.6486111,0,0,2205.12
2119,Quebec.b,50,-75,Quebec,25.5022138,0,0,2228.59
212,British Columbia.a,57,-126.25,British Columbia,30.7917179,242,0,2094.91
2120,Quebec.b,49.5,-75,Quebec,33.7487069,2265,0,2001.68
2121,Quebec.b,49,-75,Quebec,88.372723,0,0,2022.23
2122,Quebec.b,48.5,-75,Quebec,71.0431289,1991,0,1276.65
2123,Quebec.b,48,-75,Quebec,31.0697999,11129,0,1547.16
2124,Quebec.b,47.5,-75,Quebec,4.9917527,0,0,2343.35
2125,Quebec.b,47,-75,Quebec,55.3913832,2000,0,2365.77
2126,Quebec.a,46.5,-75,Quebec,9.2663705,899,0,2388.01
2127,Quebec.a,46,-75,Quebec,13.3127159,32668,0,2410.08
2128,Quebec.a,45.5,-75,Quebec,15.2408142,50201,0,2431.95
2129,Ontario.a,45,-75,Ontario,9.3748961,104722,0,2453.65
213,British Columbia.a,56.5,-126.25,British Columbia,63.0871003,0,0,2123.25
2130,Quebec.b,59.5,-74.375,Quebec,602.5419775,0,0,1560.68
2131,Quebec.b,59,-74.375,Quebec,548.0712004,0,0,1979.97
2132,Quebec.b,58.5,-74.375,Quebec,493.8509187,0,0,2008.93
2133,Quebec.b,58,-74.375,Quebec,460.8946929,0,0,1833.97
2134,Quebec.b,57.5,-74.375,Quebec,405.8285577,0,0,2066.41
2135,Quebec.b,57,-74.375,Quebec,350.9297563,0,0,2094.91
2136,Quebec.b,56.5,-74.375,Quebec,296.2913174,0,0,1698.6
2137,Quebec.b,56,-74.375,Quebec,242.0895929,0,0,1290.86
2138,Quebec.b,55.5,-74.375,Quebec,188.7012789,0,0,1961.5
2139,Quebec.b,55,-74.375,Quebec,137.0800852,0,0,2207.29
214,British Columbia.a,56,-126.25,British Columbia,114.8648871,0,0,2151.43
2140,Quebec.b,54.5,-74.375,Quebec,90.3089271,0,0,2234.98
2141,Quebec.b,54,-74.375,Quebec,71.911239,0,0,2262.49
2142,Quebec.b,53.5,-74.375,Quebec,43.6618132,0,0,1831.86
2143,Quebec.b,53,-74.375,Quebec,69.4517154,0,0,1853.59
2144,Quebec.b,52.5,-74.375,Quebec,117.9948592,0,0,2343.98
2145,Quebec.b,52,-74.375,Quebec,110.8515604,0,0,2370.79
2146,Quebec.b,51.5,-74.375,Quebec,55.4026995,0,0,2397.42
2147,Quebec.b,51,-74.375,Quebec,5.7449088,0,0,1939.1
2148,Quebec.b,50.5,-74.375,Quebec,56.3799879,0,0,1470.08
2149,Quebec.b,50,-74.375,Quebec,13.8433588,3741,0,1733.35
215,British Columbia.a,55.5,-126.25,British Columbia,69.2389232,0,0,1961.5
2150,Quebec.b,49.5,-74.375,Quebec,42.0021966,7233,0,1751.47
2151,Quebec.b,49,-74.375,Quebec,89.3853753,0,0,2022.23
2152,Quebec.b,48.5,-74.375,Quebec,66.7124836,0,0,2553.3
2153,Quebec.b,48,-74.375,Quebec,19.0502043,0,0,2320.75
2154,Quebec.b,47.5,-74.375,Quebec,49.5722362,1142,0,2343.35
2155,Quebec.b,47,-74.375,Quebec,60.9026233,5,0,2102.91
2156,Quebec.a,46.5,-74.375,Quebec,26.3053925,3833,0,2388.01
2157,Quebec.a,46,-74.375,Quebec,9.9655575,37426,0,2677.86
2158,Quebec.a,45.5,-74.375,Quebec,5.4002516,554151,0,2702.17
2159,Quebec.a,45,-74.375,Quebec,6.2282518,410420,0,2181.02
216,British Columbia.a,55,-126.25,British Columbia,13.8896583,258,0,1765.84
2160,Quebec.b,59.5,-73.75,Quebec,596.9697683,0,0,1950.85
2161,Quebec.b,59,-73.75,Quebec,541.849695,0,0,1781.97
2162,Quebec.b,58.5,-73.75,Quebec,486.8379141,0,0,2008.93
2163,Quebec.b,58,-73.75,Quebec,431.9758007,0,0,2037.75
2164,Quebec.b,57.5,-73.75,Quebec,377.3286438,0,0,1859.77
2165,Quebec.b,57,-73.75,Quebec,323.0055633,0,0,2094.91
2166,Quebec.b,56.5,-73.75,Quebec,269.2028193,0,0,1698.6
2167,Quebec.b,56,-73.75,Quebec,235.7242892,0,0,2151.43
2168,Quebec.b,55.5,-73.75,Quebec,180.3546514,0,0,2179.44
2169,Quebec.b,55,-73.75,Quebec,125.1870531,0,0,1765.84
217,British Columbia.a,54.5,-126.25,British Columbia,3.623909,420,0,1787.98
2170,Quebec.b,54.5,-73.75,Quebec,70.6960709,0,0,1564.48
2171,Quebec.b,54,-73.75,Quebec,22.4990851,0,0,1809.99
2172,Quebec.b,53.5,-73.75,Quebec,45.3374763,0,0,1602.88
2173,Quebec.b,53,-73.75,Quebec,98.7224699,0,0,2316.99
2174,Quebec.b,52.5,-73.75,Quebec,153.6844291,0,0,2343.98
2175,Quebec.b,52,-73.75,Quebec,121.033475,0,0,2370.79
2176,Quebec.b,51.5,-73.75,Quebec,73.8693717,0,0,2397.42
2177,Quebec.b,51,-73.75,Quebec,49.4600622,0,0,1454.32
2178,Quebec.b,50.5,-73.75,Quebec,23.0803127,0,0,1470.08
2179,Quebec.b,50,-73.75,Quebec,32.6013687,0,0,2228.59
218,British Columbia.a,54,-126.25,British Columbia,57.9441841,4102,0,2036.24
2180,Quebec.b,49.5,-73.75,Quebec,64.1606348,0,0,2251.89
2181,Quebec.b,49,-73.75,Quebec,32.2622382,140,0,2275.01
2182,Quebec.b,48.5,-73.75,Quebec,67.7043979,0,0,2297.97
2183,Quebec.b,48,-73.75,Quebec,12.299198,0,0,2320.75
2184,Quebec.b,47.5,-73.75,Quebec,43.5982868,0,0,2343.35
2185,Quebec.b,47,-73.75,Quebec,45.398844,70,0,2365.77
2186,Quebec.a,46.5,-73.75,Quebec,12.485123,2999,0,2388.01
2187,Quebec.a,46,-73.75,Quebec,3.4662218,121607,0,2410.08
2188,Quebec.a,45.5,-73.75,Quebec,0.6558084,3074496,0,2431.95
2189,Quebec.a,45,-73.75,Quebec,12.995475,577452,0,2453.65
219,British Columbia.a,53.5,-126.25,British Columbia,88.3824004,10,0,1831.86
2190,Quebec.b,59.5,-73.125,Quebec,557.4022521,0,0,1950.85
2191,Quebec.b,59,-73.125,Quebec,503.2293346,0,0,1979.97
2192,Quebec.b,58.5,-73.125,Quebec,449.4037062,0,0,2008.93
2193,Quebec.b,58,-73.125,Quebec,427.3496603,0,0,2037.75
2194,Quebec.b,57.5,-73.125,Quebec,371.9501468,0,0,2066.41
2195,Quebec.b,57,-73.125,Quebec,316.6199454,0,0,2094.91
2196,Quebec.b,56.5,-73.125,Quebec,261.4030727,0,0,2123.25
2197,Quebec.b,56,-73.125,Quebec,206.3905074,0,0,2151.43
2198,Quebec.b,55.5,-73.125,Quebec,151.8045296,0,0,2179.44
2199,Quebec.b,55,-73.125,Quebec,98.3579556,0,0,1545.11
22,British Columbia.a,58,-133.75,British Columbia,232.5669276,0,0,815.1
220,British Columbia.a,53,-126.25,British Columbia,96.8343182,1512,0,2085.29
2200,Quebec.b,54.5,-73.125,Quebec,49.8603873,0,0,2011.48
2201,Quebec.b,54,-73.125,Quebec,25.6195088,0,0,2036.24
2202,Quebec.b,53.5,-73.125,Quebec,47.0632868,0,0,1831.86
2203,Quebec.b,53,-73.125,Quebec,99.5362845,0,0,2316.99
2204,Quebec.b,52.5,-73.125,Quebec,154.2145299,0,0,2343.98
2205,Quebec.b,52,-73.125,Quebec,144.0568492,0,0,2370.79
2206,Quebec.b,51.5,-73.125,Quebec,141.669755,0,0,2397.42
2207,Quebec.b,51,-73.125,Quebec,90.8761991,0,0,1696.71
2208,Quebec.b,50.5,-73.125,Quebec,51.2708152,0,0,2450.13
2209,Quebec.b,50,-73.125,Quebec,56.3999848,0,0,2476.21
221,British Columbia.a,52.5,-126.25,British Columbia,144.5190028,0,0,2343.98
2210,Quebec.b,49.5,-73.125,Quebec,57.1152763,27,0,2251.89
2211,Quebec.b,49,-73.125,Quebec,13.3316566,1018,0,2275.01
2212,Quebec.b,48.5,-73.125,Quebec,35.4082329,5408,0,2297.97
2213,Quebec.b,48,-73.125,Quebec,25.3230555,0,0,2320.75
2214,Quebec.b,47.5,-73.125,Quebec,22.5206155,556,0,2343.35
2215,Quebec.b,47,-73.125,Quebec,55.0920532,0,0,2365.77
2216,Quebec.a,46.5,-73.125,Quebec,15.5348697,65833,0,2388.01
2217,Quebec.a,46,-73.125,Quebec,3.695023,234013,0,2142.29
2218,Quebec.a,45.5,-73.125,Quebec,6.6998868,124489,0,2702.17
2219,Quebec.a,45,-73.125,Quebec,14.5641528,177227,0,2726.28
222,British Columbia.a,52,-126.25,British Columbia,170.2254567,661,0,2370.79
2220,Quebec.b,59.5,-72.5,Quebec,551.1035349,0,0,1755.76
2221,Quebec.b,59,-72.5,Quebec,496.1412092,0,0,1781.97
2222,Quebec.b,58.5,-72.5,Quebec,441.3376636,0,0,1607.15
2223,Quebec.b,58,-72.5,Quebec,386.7604009,0,0,2037.75
2224,Quebec.b,57.5,-72.5,Quebec,332.5208609,0,0,2066.41
2225,Quebec.b,57,-72.5,Quebec,278.8162101,0,0,2094.91
2226,Quebec.b,56.5,-72.5,Quebec,226.0280427,0,0,2123.25
2227,Quebec.b,56,-72.5,Quebec,203.8801162,0,0,2151.43
2228,Quebec.b,55.5,-72.5,Quebec,148.3289368,0,0,2179.44
2229,Quebec.b,55,-72.5,Quebec,92.8331757,0,0,1765.84
223,British Columbia.a,51.5,-126.25,British Columbia,117.4287952,0,0,2397.42
2230,Quebec.b,54.5,-72.5,Quebec,37.6387673,0,0,2234.98
2231,Quebec.b,54,-72.5,Quebec,17.6068016,0,0,1131.24
2232,Quebec.b,53.5,-72.5,Quebec,72.8840949,0,0,2289.83
2233,Quebec.b,53,-72.5,Quebec,128.4380716,0,0,2316.99
2234,Quebec.b,52.5,-72.5,Quebec,184.0183151,0,0,2343.98
2235,Quebec.b,52,-72.5,Quebec,217.9699571,0,0,2370.79
2236,Quebec.b,51.5,-72.5,Quebec,161.1320272,0,0,2397.42
2237,Quebec.b,51,-72.5,Quebec,119.2301752,0,0,2423.87
2238,Quebec.b,50.5,-72.5,Quebec,93.0047366,0,0,2450.13
2239,Quebec.b,50,-72.5,Quebec,126.073128,0,0,2476.21
224,British Columbia.a,51,-126.25,British Columbia,69.1693166,0,0,2423.87
2240,Quebec.b,49.5,-72.5,Quebec,72.8620958,0,0,2251.89
2241,Quebec.b,49,-72.5,Quebec,17.279656,535,0,2275.01
2242,Quebec.b,48.5,-72.5,Quebec,16.1363011,34027,0,1531.98
2243,Quebec.b,48,-72.5,Quebec,39.5429793,15742,0,2062.88
2244,Quebec.b,47.5,-72.5,Quebec,22.8478304,220,0,2343.35
2245,Quebec.b,47,-72.5,Quebec,28.1813207,635,0,2365.77
2246,Quebec.a,46.5,-72.5,Quebec,8.6026768,26521,0,2122.68
2247,Quebec.a,46,-72.5,Quebec,8.7612548,96296,0,2410.08
2248,Quebec.a,45.5,-72.5,Quebec,17.8023578,137844,0,2702.17
2249,Quebec.a,45,-72.5,Quebec,30.6866304,242969,0,2453.65
225,British Columbia.a,50.5,-126.25,British Columbia,39.7535571,111,0,1960.11
2250,Quebec.b,59.5,-71.875,Quebec,547.3360572,0,0,1755.76
2251,Quebec.b,59,-71.875,Quebec,491.8918533,0,0,1781.97
2252,Quebec.b,58.5,-71.875,Quebec,436.486554,0,0,2008.93
2253,Quebec.b,58,-71.875,Quebec,381.1371261,0,0,1833.97
2254,Quebec.b,57.5,-71.875,Quebec,325.8720403,0,0,2066.41
2255,Quebec.b,57,-71.875,Quebec,270.7429501,0,0,2094.91
2256,Quebec.b,56.5,-71.875,Quebec,215.8540808,0,0,2123.25
2257,Quebec.b,56,-71.875,Quebec,161.4506242,0,0,2151.43
2258,Quebec.b,55.5,-71.875,Quebec,108.2668217,0,0,2179.44
2259,Quebec.b,55,-71.875,Quebec,59.6589144,0,0,2207.29
226,British Columbia.a,50,-126.25,British Columbia,25.20997,334,0,2228.59
2260,Quebec.b,54.5,-71.875,Quebec,39.7334646,0,0,2011.48
2261,Quebec.b,54,-71.875,Quebec,47.8015546,0,0,2262.49
2262,Quebec.b,53.5,-71.875,Quebec,85.5030297,0,0,2289.83
2263,Quebec.b,53,-71.875,Quebec,136.083073,0,0,2316.99
2264,Quebec.b,52.5,-71.875,Quebec,189.4953631,0,0,2343.98
2265,Quebec.b,52,-71.875,Quebec,243.8861162,0,0,2133.71
2266,Quebec.b,51.5,-71.875,Quebec,191.2029026,0,0,2397.42
2267,Quebec.b,51,-71.875,Quebec,138.4212172,0,0,2423.87
2268,Quebec.b,50.5,-71.875,Quebec,89.1310292,0,0,2205.12
2269,Quebec.b,50,-71.875,Quebec,53.9469271,210,0,1980.97
227,British Columbia.a,49.5,-126.25,British Columbia,22.332973,1451,0,2502.1
2270,Quebec.b,49.5,-71.875,Quebec,50.249719,0,0,2251.89
2271,Quebec.b,49,-71.875,Quebec,27.7429098,0,0,2275.01
2272,Quebec.b,48.5,-71.875,Quebec,10.1076534,45378,0,2042.64
2273,Quebec.b,48,-71.875,Quebec,46.6529037,12353,0,2062.88
2274,Quebec.b,47.5,-71.875,Quebec,79.4848011,0,0,2343.35
2275,Quebec.b,47,-71.875,Quebec,25.7898834,12905,0,2365.77
2276,Quebec.a,46.5,-71.875,Quebec,12.9993748,830554,0,2122.68
2277,Quebec.a,46,-71.875,Quebec,5.6159308,51709,0,2677.86
2278,Quebec.a,45.5,-71.875,Quebec,4.2486119,23872,0,2702.17
2279,Quebec.a,45,-71.875,Quebec,13.7245074,30431,0,2181.02
228,British Columbia.a,49,-126.25,British Columbia,48.6285681,4420,1011.12,1516.68
2280,Quebec.b,59.5,-71.25,Quebec,546.1525227,0,0,1755.76
2281,Quebec.b,59,-71.25,Quebec,490.5554006,0,0,1979.97
2282,Quebec.b,58.5,-71.25,Quebec,434.9583656,0,0,2008.93
2283,Quebec.b,58,-71.25,Quebec,379.361456,0,0,2037.75
2284,Quebec.b,57.5,-71.25,Quebec,323.7647362,0,0,2066.41
2285,Quebec.b,57,-71.25,Quebec,268.1683245,0,0,2094.91
2286,Quebec.b,56.5,-71.25,Quebec,212.5724624,0,0,2123.25
2287,Quebec.b,56,-71.25,Quebec,156.977734,0,0,2151.43
2288,Quebec.b,55.5,-71.25,Quebec,101.3860043,0,0,2179.44
2289,Quebec.b,55,-71.25,Quebec,45.8081921,0,0,2207.29
229,British Columbia.a,48.5,-126.25,British Columbia,73.743448,0,2553.3,0
2290,Quebec.b,54.5,-71.25,Quebec,9.9907324,0,0,1564.48
2291,Quebec.b,54,-71.25,Quebec,65.4476485,0,0,2262.49
2292,Quebec.b,53.5,-71.25,Quebec,121.0335918,0,0,2289.83
2293,Quebec.b,53,-71.25,Quebec,176.6267864,0,0,1853.59
2294,Quebec.b,52.5,-71.25,Quebec,222.1419431,0,0,2343.98
2295,Quebec.b,52,-71.25,Quebec,240.1837455,0,0,2370.79
2296,Quebec.b,51.5,-71.25,Quebec,184.6105482,0,0,2397.42
2297,Quebec.b,51,-71.25,Quebec,129.0582478,0,0,2423.87
2298,Quebec.b,50.5,-71.25,Quebec,73.574194,10,0,1715.09
2299,Quebec.b,50,-71.25,Quebec,18.7735615,0,0,2228.59
23,British Columbia.a,54,-133.75,British Columbia,223.3652028,0,2262.49,0
230,British Columbia.a,59.5,-125.625,British Columbia,286.4064908,0,0,1950.85
2300,Quebec.b,49.5,-71.25,Quebec,5.2458656,0,0,2251.89
2301,Quebec.b,49,-71.25,Quebec,50.5753183,0,0,2527.79
2302,Quebec.b,48.5,-71.25,Quebec,3.2247303,9372,0,2553.3
2303,Quebec.b,48,-71.25,Quebec,11.9670387,148583,0,2062.88
2304,Quebec.b,47.5,-71.25,Quebec,35.4020281,0,0,2603.72
2305,Quebec.b,47,-71.25,Quebec,13.2332689,34542,0,2102.91
2306,Quebec.a,46.5,-71.25,Quebec,3.0129584,71275,0,1857.34
2307,Quebec.a,46,-71.25,Quebec,8.7335423,91813,0,2677.86
2308,Quebec.a,45.5,-71.25,Quebec,26.2712298,25671,0,2431.95
2309,Quebec.a,45,-71.25,Quebec,38.2737075,5028,0,1090.51
231,British Columbia.a,59,-125.625,British Columbia,232.8119925,0,0,1979.97
2310,Quebec.b,59.5,-70.625,Quebec,547.5697858,0,0,1950.85
2311,Quebec.b,59,-70.625,Quebec,492.1556931,0,0,1979.97
2312,Quebec.b,58.5,-70.625,Quebec,436.7881041,0,0,1808.04
2313,Quebec.b,58,-70.625,Quebec,381.4872675,0,0,1833.97
2314,Quebec.b,57.5,-70.625,Quebec,326.2871259,0,0,2066.41
2315,Quebec.b,57,-70.625,Quebec,271.2491615,0,0,2094.91
2316,Quebec.b,56.5,-70.625,Quebec,216.4970961,0,0,2123.25
2317,Quebec.b,56,-70.625,Quebec,172.6078641,0,0,1936.29
2318,Quebec.b,55.5,-70.625,Quebec,117.0828809,0,0,1961.5
2319,Quebec.b,55,-70.625,Quebec,61.6885763,0,0,1545.11
232,British Columbia.a,58.5,-125.625,British Columbia,180.4330519,0,0,2008.93
2320,Quebec.b,54.5,-70.625,Quebec,9.2039703,0,0,1117.49
2321,Quebec.b,54,-70.625,Quebec,50.458883,0,0,2262.49
2322,Quebec.b,53.5,-70.625,Quebec,105.7810846,0,0,2289.83
2323,Quebec.b,53,-70.625,Quebec,161.2926844,0,0,2316.99
2324,Quebec.b,52.5,-70.625,Quebec,216.8482774,0,0,2343.98
2325,Quebec.b,52,-70.625,Quebec,243.0514409,0,0,2370.79
2326,Quebec.b,51.5,-70.625,Quebec,188.3669706,0,0,1678.2
2327,Quebec.b,51,-70.625,Quebec,134.4332864,0,0,2423.87
2328,Quebec.b,50.5,-70.625,Quebec,82.7319862,0,0,1960.11
2329,Quebec.b,50,-70.625,Quebec,42.4138517,0,0,2476.21
233,British Columbia.a,58,-125.625,British Columbia,130.7389199,0,0,2037.75
2330,Quebec.b,49.5,-70.625,Quebec,40.0417042,0,0,1751.47
2331,Quebec.b,49,-70.625,Quebec,65.2806892,0,0,2275.01
2332,Quebec.b,48.5,-70.625,Quebec,26.5873447,0,0,2297.97
2333,Quebec.b,48,-70.625,Quebec,29.9029838,2859,0,2320.75
2334,Quebec.b,47.5,-70.625,Quebec,6.6457117,16442,520.74,2082.98
2335,Quebec.a,47,-70.625,Quebec,8.4953103,21833,1051.45,1577.18
2336,Quebec.a,46.5,-70.625,Quebec,13.1918853,23504,0,2653.35
2337,Quebec.a,46,-70.625,Quebec,6.3604539,20465,0,1606.72
2338,Quebec.a,45.5,-70.625,Quebec,23.3567125,2177,0,810.65
2339,Quebec.a,45,-70.625,Quebec,68.6368399,0,0,27.26
234,British Columbia.a,57.5,-125.625,British Columbia,88.3807715,0,0,2066.41
2340,Quebec.b,59.5,-70,Quebec,551.5676806,0,780.34,1170.51
2341,Quebec.b,59,-70,Quebec,507.0079058,233,791.99,1187.98
2342,Quebec.b,58.5,-70,Quebec,451.5443044,420,803.57,1205.36
2343,Quebec.b,58,-70,Quebec,396.1181656,0,0,2037.75
2344,Quebec.b,57.5,-70,Quebec,340.7477708,0,0,2066.41
2345,Quebec.b,57,-70,Quebec,285.4655592,0,0,2094.91
2346,Quebec.b,56.5,-70,Quebec,230.3350336,0,0,2123.25
2347,Quebec.b,56,-70,Quebec,175.499202,0,0,2151.43
2348,Quebec.b,55.5,-70,Quebec,121.3581979,0,0,2179.44
2349,Quebec.b,55,-70,Quebec,69.5539685,0,0,2207.29
235,British Columbia.a,57,-125.625,British Columbia,68.6408988,0,0,2094.91
2350,Quebec.b,54.5,-70,Quebec,33.6124518,0,0,1117.49
2351,Quebec.b,54,-70,Quebec,60.0328191,0,0,1131.24
2352,Quebec.b,53.5,-70,Quebec,110.7257055,0,0,2060.85
2353,Quebec.b,53,-70,Quebec,164.6162945,0,0,2316.99
2354,Quebec.b,52.5,-70,Quebec,219.3603588,0,0,2343.98
2355,Quebec.b,52,-70,Quebec,169.9154328,0,0,2370.79
2356,Quebec.b,51.5,-70,Quebec,124.2063721,0,0,2397.42
2357,Quebec.b,51,-70,Quebec,90.3604128,0,0,2423.87
2358,Quebec.b,50.5,-70,Quebec,84.1700558,0,0,2450.13
2359,Quebec.b,50,-70,Quebec,84.7700923,0,0,2476.21
236,British Columbia.a,56.5,-125.625,British Columbia,88.283078,0,0,2123.25
2360,Quebec.b,49.5,-70,Quebec,39.6722405,0,0,2251.89
2361,Quebec.b,49,-70,Quebec,46.3023414,0,0,2275.01
2362,Quebec.b,48.5,-70,Quebec,43.5751617,0,0,2553.3
2363,Quebec.b,48,-70,Quebec,29.4105453,3682,1031.44,1547.16
2364,Quebec.a,47.5,-70,Quebec,16.4250305,40320,1041.49,1562.23
2365,Quebec.a,47,-70,Quebec,39.9751436,8369,0,2102.91
2366,Quebec.a,46.5,-70,Quebec,10.1696992,3084,0,530.67
2367,Quebec.b,59.5,-69.375,Quebec,565.8379483,0,0,1950.85
2368,Quebec.b,59,-69.375,Quebec,510.7646063,0,1781.97,198
2369,Quebec.b,58.5,-69.375,Quebec,455.8182345,0,401.79,1607.15
237,British Columbia.a,56,-125.625,British Columbia,130.0173432,0,0,2151.43
2370,Quebec.b,58,-69.375,Quebec,401.0510234,0,0,2037.75
2371,Quebec.b,57.5,-69.375,Quebec,346.5479254,0,0,2066.41
2372,Quebec.b,57,-69.375,Quebec,292.4566406,0,0,1885.42
2373,Quebec.b,56.5,-69.375,Quebec,239.0568753,0,0,1698.6
2374,Quebec.b,56,-69.375,Quebec,186.9421667,0,0,1936.29
2375,Quebec.b,55.5,-69.375,Quebec,137.5806629,0,0,2179.44
2376,Quebec.b,55,-69.375,Quebec,95.3487548,0,0,2207.29
2377,Quebec.b,54.5,-69.375,Quebec,73.730675,0,0,1340.99
2378,Quebec.b,54,-69.375,Quebec,89.2352005,0,0,1583.74
2379,Quebec.b,53.5,-69.375,Quebec,129.1182045,0,0,1831.86
238,British Columbia.a,55.5,-125.625,British Columbia,78.347363,0,0,2179.44
2380,Quebec.b,53,-69.375,Quebec,177.656921,0,0,2316.99
2381,Quebec.b,52.5,-69.375,Quebec,127.5659895,0,0,2343.98
2382,Quebec.b,52,-69.375,Quebec,154.0168879,0,0,2370.79
2383,Quebec.b,51.5,-69.375,Quebec,101.0946648,0,0,1678.2
2384,Quebec.b,51,-69.375,Quebec,53.8622565,0,0,1939.1
2385,Quebec.b,50.5,-69.375,Quebec,42.0028104,0,0,2205.12
2386,Quebec.b,50,-69.375,Quebec,47.1849917,0,0,1733.35
2387,Quebec.b,49.5,-69.375,Quebec,26.0914287,0,0,2001.68
2388,Quebec.b,49,-69.375,Quebec,21.9251878,0,0,2527.79
2389,Quebec.b,48.5,-69.375,Quebec,18.2602275,5057,1276.65,1276.65
239,British Columbia.a,55,-125.625,British Columbia,39.4232816,0,0,2207.29
2390,Quebec.a,48,-69.375,Quebec,14.139161,11424,1547.16,1031.44
2391,Quebec.a,47.5,-69.375,Quebec,24.3313244,16948,0,2603.72
2392,Quebec.a,47,-69.375,Quebec,60.7353047,2204,0,1051.45
2393,Quebec.b,59.5,-68.75,Quebec,571.6599448,0,1950.85,0
2394,Quebec.b,59,-68.75,Quebec,517.2999274,0,1979.97,0
2395,Quebec.b,58.5,-68.75,Quebec,463.2330215,0,1205.36,803.57
2396,Quebec.b,58,-68.75,Quebec,409.5753224,2668,0,1833.97
2397,Quebec.b,57.5,-68.75,Quebec,356.5116448,0,0,2066.41
2398,Quebec.b,57,-68.75,Quebec,304.3528492,0,0,1885.42
2399,Quebec.b,56.5,-68.75,Quebec,253.6577552,0,0,1698.6
24,British Columbia.a,53.5,-133.75,British Columbia,238.9786046,0,2289.83,0
240,British Columbia.a,54.5,-125.625,British Columbia,27.8679452,105,0,2011.48
2400,Quebec.b,56,-68.75,Quebec,205.5124156,0,0,1721.14
2401,Quebec.b,55.5,-68.75,Quebec,162.203408,0,0,2179.44
2402,Quebec.b,55,-68.75,Quebec,128.7091085,0,0,2207.29
2403,Quebec.b,54.5,-68.75,Quebec,114.033417,0,0,2234.98
2404,Quebec.b,54,-68.75,Quebec,124.9908091,0,0,2262.49
2405,Quebec.b,53.5,-68.75,Quebec,124.2757149,0,0,2060.85
2406,Quebec.b,53,-68.75,Quebec,99.8569773,0,0,1853.59
2407,Quebec.b,52.5,-68.75,Quebec,97.9132168,0,0,2343.98
2408,Quebec.b,52,-68.75,Quebec,62.1902038,0,0,2370.79
2409,Quebec.b,51.5,-68.75,Quebec,93.9427444,15,0,1678.2
241,British Columbia.a,54,-125.625,British Columbia,20.6066706,0,0,2262.49
2410,Quebec.b,51,-68.75,Quebec,38.6140281,0,0,1696.71
2411,Quebec.b,50.5,-68.75,Quebec,15.6327491,92,0,2205.12
2412,Quebec.b,50,-68.75,Quebec,25.8900133,0,0,2228.59
2413,Quebec.b,49.5,-68.75,Quebec,6.6906795,0,0,2251.89
2414,Quebec.b,49,-68.75,Quebec,30.7615774,26643,758.34,1769.45
2415,Quebec.a,48.5,-68.75,Quebec,18.3778152,13151,2297.97,255.33
2416,Quebec.a,48,-68.75,Quebec,13.559266,57369,515.72,2062.88
2417,Quebec.a,47.5,-68.75,Quebec,8.0848191,7673,0,2603.72
2418,New Brunswick.a,47,-68.75,New Brunswick,30.5329109,24575,0,1051.45
2419,Quebec.b,59.5,-68.125,Quebec,579.8886493,0,1950.85,0
242,British Columbia.a,53.5,-125.625,British Columbia,73.6541793,0,0,2289.83
2420,Quebec.b,59,-68.125,Quebec,526.5098787,0,1979.97,0
2421,Quebec.b,58.5,-68.125,Quebec,473.6405836,0,2008.93,0
2422,Quebec.b,58,-68.125,Quebec,421.4725335,0,815.1,1222.65
2423,Quebec.b,57.5,-68.125,Quebec,370.3022213,0,0,2066.41
2424,Quebec.b,57,-68.125,Quebec,320.6077334,0,0,2094.91
2425,Quebec.b,56.5,-68.125,Quebec,273.1956218,0,0,1910.92
2426,Quebec.b,56,-68.125,Quebec,229.484907,0,0,1936.29
2427,Quebec.b,55.5,-68.125,Quebec,192.0201639,0,0,1961.5
2428,Quebec.b,55,-68.125,Quebec,252.8590055,0,0,2207.29
2429,Quebec.b,54.5,-68.125,Quebec,198.8557617,0,0,1787.98
243,British Columbia.a,53,-125.625,British Columbia,128.8696654,0,0,2085.29
2430,Quebec.b,54,-68.125,Quebec,146.0532881,0,0,1809.99
2431,Quebec.b,53.5,-68.125,Quebec,96.4444071,0,0,1831.86
2432,Quebec.b,53,-68.125,Quebec,65.5026462,0,0,2085.29
2433,Quebec.b,52.5,-68.125,Quebec,47.4047686,0,0,2109.58
2434,Quebec.b,52,-68.125,Quebec,28.0112863,0,0,2370.79
2435,Quebec.b,51.5,-68.125,Quebec,34.8269986,0,0,2157.68
2436,Quebec.b,51,-68.125,Quebec,58.2320381,0,0,2423.87
2437,Quebec.b,50.5,-68.125,Quebec,58.9242637,0,0,2450.13
2438,Quebec.b,50,-68.125,Quebec,4.202396,0,0,2228.59
2439,Quebec.b,49.5,-68.125,Quebec,22.3767219,0,0,1000.84
244,British Columbia.a,52.5,-125.625,British Columbia,184.3149273,0,0,2343.98
2440,Quebec.b,49,-68.125,Quebec,28.671915,557,1516.68,1011.12
2441,Quebec.a,48.5,-68.125,Quebec,8.5837772,24993,0,2553.3
2442,Quebec.a,48,-68.125,Quebec,51.2715481,3383,0,2578.61
2443,New Brunswick.a,47.5,-68.125,New Brunswick,13.3460461,2161,0,2603.72
2444,New Brunswick.a,47,-68.125,New Brunswick,25.9968499,14098,0,2102.91
2445,New Brunswick.a,46.5,-68.125,New Brunswick,28.0791006,8001,0,1326.67
2446,New Brunswick.a,46,-68.125,New Brunswick,30.74993,18080,0,1338.93
2447,New Brunswick.a,45.5,-68.125,New Brunswick,46.9853531,834,0,810.65
2448,Quebec.b,59.5,-67.5,Quebec,590.422771,0,1950.85,0
2449,Quebec.b,59,-67.5,Quebec,538.2564392,0,1979.97,0
245,British Columbia.a,52,-125.625,British Columbia,186.1503422,283,0,2370.79
2450,Quebec.b,58.5,-67.5,Quebec,486.8481962,0,2008.93,0
2451,Quebec.b,58,-67.5,Quebec,436.465995,0,407.55,1630.2
2452,Quebec.b,57.5,-67.5,Quebec,387.5102468,0,0,2066.41
2453,Quebec.b,57,-67.5,Quebec,340.5966037,0,0,2094.91
2454,Quebec.b,56.5,-67.5,Quebec,398.6953523,0,0,2123.25
2455,Quebec.b,56,-67.5,Quebec,343.4447195,0,0,2151.43
2456,Quebec.b,55.5,-67.5,Quebec,288.3273074,0,0,1961.5
2457,Quebec.b,55,-67.5,Quebec,233.4375,0,0,1324.38
2458,Newfoundland and Labrador.b,54.5,-67.5,Newfoundland and Labrador,178.9848209,44,0,1340.99
2459,Newfoundland and Labrador.b,54,-67.5,Newfoundland and Labrador,134.6585852,0,0,1357.49
246,British Columbia.a,51.5,-125.625,British Columbia,160.7534669,0,0,2397.42
2460,Quebec.b,53.5,-67.5,Quebec,79.768187,0,0,1373.9
2461,Quebec.b,53,-67.5,Quebec,27.4784565,0,0,1158.5
2462,Quebec.b,52.5,-67.5,Quebec,8.7642359,11632,0,1406.39
2463,Quebec.b,52,-67.5,Quebec,38.095526,0,0,2370.79
2464,Quebec.b,51.5,-67.5,Quebec,42.6088379,0,0,2397.42
2465,Quebec.b,51,-67.5,Quebec,59.5549302,0,0,2181.48
2466,Quebec.b,50.5,-67.5,Quebec,56.0377364,113,0,2205.12
2467,Quebec.b,50,-67.5,Quebec,37.9645714,0,0,2476.21
2468,Quebec.b,49.5,-67.5,Quebec,14.2807776,6516,1000.84,1501.26
2469,Quebec.a,49,-67.5,Quebec,31.8352654,438,2022.23,505.56
247,British Columbia.a,51,-125.625,British Columbia,106.1537304,0,0,2423.87
2470,Quebec.a,48.5,-67.5,Quebec,5.1963319,4951,510.66,2042.64
2471,Quebec.a,48,-67.5,Quebec,16.0168015,10895,0,2578.61
2472,New Brunswick.a,47.5,-67.5,New Brunswick,6.6826372,6713,0,2603.72
2473,New Brunswick.a,47,-67.5,New Brunswick,8.4503099,1737,0,2628.63
2474,New Brunswick.a,46.5,-67.5,New Brunswick,10.4546793,5339,0,2653.35
2475,New Brunswick.a,46,-67.5,New Brunswick,12.4924396,14494,0,2677.86
2476,New Brunswick.a,45.5,-67.5,New Brunswick,17.3277572,7758,0,2431.95
2477,New Brunswick.a,45,-67.5,New Brunswick,23.9447713,14260,0,2181.02
2478,New Brunswick.a,44.5,-67.5,New Brunswick,76.8654856,949,0,550.03
2479,Quebec.b,59.5,-66.875,Quebec,603.14067,0,1950.85,0
248,British Columbia.a,50.5,-125.625,British Columbia,55.8810802,0,0,2450.13
2480,Quebec.b,59,-66.875,Quebec,552.3768629,0,1979.97,0
2481,Quebec.b,58.5,-66.875,Quebec,502.6341338,0,1406.25,602.68
2482,Quebec.b,58,-66.875,Quebec,563.5285427,0,0,2037.75
2483,Quebec.b,57.5,-66.875,Quebec,507.93112,0,0,2066.41
2484,Quebec.b,57,-66.875,Quebec,452.3337072,0,0,1885.42
2485,Quebec.b,56.5,-66.875,Quebec,396.7363085,0,0,1910.92
2486,Quebec.b,56,-66.875,Quebec,341.1389308,0,0,2151.43
2487,Quebec.b,55.5,-66.875,Quebec,285.5415865,0,0,1961.5
2488,Quebec.b,55,-66.875,Quebec,229.9442997,0,0,1324.38
2489,Newfoundland and Labrador.b,54.5,-66.875,Newfoundland and Labrador,174.3471255,1567,0,893.99
249,British Columbia.a,50,-125.625,British Columbia,2.8258137,36482,0,1733.35
2490,Newfoundland and Labrador.b,54,-66.875,Newfoundland and Labrador,118.7502218,0,0,1131.24
2491,Newfoundland and Labrador.b,53.5,-66.875,Newfoundland and Labrador,63.1543033,0,0,1831.86
2492,Newfoundland and Labrador.b,53,-66.875,Newfoundland and Labrador,7.581075,0,0,1158.5
2493,Quebec.b,52.5,-66.875,Quebec,48.0482592,0,0,1171.99
2494,Quebec.b,52,-66.875,Quebec,51.0595579,0,0,2133.71
2495,Quebec.b,51.5,-66.875,Quebec,87.540471,0,0,2397.42
2496,Quebec.b,51,-66.875,Quebec,32.3695524,0,0,2181.48
2497,Quebec.b,50.5,-66.875,Quebec,24.7870016,0,0,2205.12
2498,Quebec.b,50,-66.875,Quebec,3.4255119,1550,742.86,1733.35
2499,Quebec.a,49.5,-66.875,Quebec,33.5166092,0,2502.1,0
25,British Columbia.a,59.5,-133.125,British Columbia,269.239388,0,0,1755.76
250,British Columbia.a,49.5,-125.625,British Columbia,33.0295508,17977,0,2001.68
2500,Quebec.a,49,-66.875,Quebec,10.5552011,8637,1769.45,758.34
2501,Quebec.a,48.5,-66.875,Quebec,33.0637725,5,0,2553.3
2502,Quebec.a,48,-66.875,Quebec,1.9395724,15737,0,2320.75
2503,New Brunswick.a,47.5,-66.875,New Brunswick,38.0331973,10284,0,2603.72
2504,New Brunswick.a,47,-66.875,New Brunswick,40.6385283,3835,0,2628.63
2505,New Brunswick.a,46.5,-66.875,New Brunswick,12.8381847,920,0,2653.35
2506,New Brunswick.a,46,-66.875,New Brunswick,4.1568586,10498,0,2677.86
2507,New Brunswick.a,45.5,-66.875,New Brunswick,9.3434112,103836,0,2702.17
2508,New Brunswick.a,45,-66.875,New Brunswick,8.4097887,11439,545.26,2181.02
2509,New Brunswick.a,44.5,-66.875,New Brunswick,22.1654648,2734,2750.17,0
251,British Columbia.a,49,-125.625,British Columbia,3.0545173,1853,0,2527.79
2510,Nova Scotia.a,44,-66.875,Nova Scotia,76.6817625,0,2773.86,0
2511,Nova Scotia.a,43.5,-66.875,Nova Scotia,71.7454482,0,2797.33,0
2512,Nova Scotia.a,43,-66.875,Nova Scotia,146.5085232,0,2820.59,0
2513,Quebec.b,59.5,-66.25,Quebec,678.7699901,0,1950.85,0
2514,Quebec.b,59,-66.25,Quebec,624.7092722,0,1781.97,198
2515,Quebec.b,58.5,-66.25,Quebec,570.9427573,956,803.57,1205.36
2516,Quebec.b,58,-66.25,Quebec,517.5621431,0,0,1833.97
2517,Quebec.b,57.5,-66.25,Quebec,464.700436,0,0,2066.41
2518,Quebec.b,57,-66.25,Quebec,454.1382821,0,0,2094.91
2519,Quebec.b,56.5,-66.25,Quebec,398.8196244,0,0,2123.25
252,British Columbia.a,48.5,-125.625,British Columbia,55.3091588,2518,2042.64,510.66
2520,Quebec.b,56,-66.25,Quebec,343.5908472,0,0,2151.43
2521,Quebec.b,55.5,-66.25,Quebec,288.5035729,0,0,2179.44
2522,Quebec.b,55,-66.25,Quebec,233.6579055,0,0,1765.84
2523,Newfoundland and Labrador.b,54.5,-66.25,Newfoundland and Labrador,179.2757262,0,0,1340.99
2524,Newfoundland and Labrador.b,54,-66.25,Newfoundland and Labrador,125.9587995,0,0,1357.49
2525,Newfoundland and Labrador.b,53.5,-66.25,Newfoundland and Labrador,75.9836583,0,0,1602.88
2526,Newfoundland and Labrador.b,53,-66.25,Newfoundland and Labrador,43.1680147,0,0,1621.9
2527,Newfoundland and Labrador.b,52.5,-66.25,Newfoundland and Labrador,58.2288383,0,0,1406.39
2528,Quebec.b,52,-66.25,Quebec,37.7052277,0,0,2133.71
2529,Quebec.b,51.5,-66.25,Quebec,56.5652564,0,0,2397.42
253,British Columbia.a,59.5,-125,British Columbia,157.007175,0,0,1950.85
2530,Quebec.b,51,-66.25,Quebec,48.9680583,0,0,2423.87
2531,Quebec.b,50.5,-66.25,Quebec,32.7083971,0,0,2450.13
2532,Quebec.b,50,-66.25,Quebec,23.6462594,26179,1238.1,1238.1
2533,Quebec.a,49.5,-66.25,Quebec,53.4931503,0,2502.1,0
2534,Quebec.a,49,-66.25,Quebec,11.1103501,810,1516.68,1011.12
2535,Quebec.a,48.5,-66.25,Quebec,37.5635962,167,0,2553.3
2536,Quebec.a,48,-66.25,Quebec,3.6516889,14602,515.72,2062.88
2537,New Brunswick.a,47.5,-66.25,New Brunswick,7.6437145,16744,781.12,1822.6
2538,New Brunswick.a,47,-66.25,New Brunswick,51.0869797,4807,0,2628.63
2539,New Brunswick.a,46.5,-66.25,New Brunswick,11.5368382,6102,0,2653.35
254,British Columbia.a,59,-125,British Columbia,135.6598122,0,0,1979.97
2540,New Brunswick.a,46,-66.25,New Brunswick,1.9786086,5768,0,2677.86
2541,New Brunswick.a,45.5,-66.25,New Brunswick,15.6892602,17068,0,2431.95
2542,New Brunswick.a,45,-66.25,New Brunswick,17.5379727,116033,1090.51,1635.77
2543,Nova Scotia.a,44.5,-66.25,Nova Scotia,28.7251245,2001,2200.14,550.03
2544,Nova Scotia.a,44,-66.25,Nova Scotia,18.0235865,14920,554.77,2219.09
2545,Nova Scotia.a,43.5,-66.25,Nova Scotia,39.3847946,24947,1118.93,1678.4
2546,Nova Scotia.a,43,-66.25,Nova Scotia,71.302761,725,2820.59,0
2547,Nova Scotia.a,42.5,-66.25,Nova Scotia,120.8166301,0,2843.64,0
2548,Quebec.b,59.5,-65.625,Quebec,671.9083974,0,0,1170.51
2549,Quebec.b,59,-65.625,Quebec,617.1382731,0,0,1583.97
255,British Columbia.a,58.5,-125,British Columbia,135.4148394,0,0,2008.93
2550,Quebec.b,58.5,-65.625,Quebec,562.5299419,0,0,1808.04
2551,Quebec.b,58,-65.625,Quebec,508.1355697,0,0,2037.75
2552,Quebec.b,57.5,-65.625,Quebec,454.0320621,0,0,2066.41
2553,Quebec.b,57,-65.625,Quebec,400.3373632,0,0,2094.91
2554,Quebec.b,56.5,-65.625,Quebec,347.2411706,0,0,2123.25
2555,Quebec.b,56,-65.625,Quebec,295.0667587,0,0,2151.43
2556,Quebec.b,55.5,-65.625,Quebec,244.4051743,0,0,2179.44
2557,Quebec.b,55,-65.625,Quebec,196.4304511,0,0,2207.29
2558,Newfoundland and Labrador.b,54.5,-65.625,Newfoundland and Labrador,153.6798323,0,0,1340.99
2559,Newfoundland and Labrador.b,54,-65.625,Newfoundland and Labrador,145.093114,0,0,1131.24
256,British Columbia.a,58,-125,British Columbia,153.4361804,0,0,2037.75
2560,Newfoundland and Labrador.b,53.5,-65.625,Newfoundland and Labrador,104.9847064,732,0,1144.91
2561,Newfoundland and Labrador.b,53,-65.625,Newfoundland and Labrador,99.9413296,0,0,1621.9
2562,Newfoundland and Labrador.b,52.5,-65.625,Newfoundland and Labrador,44.4797169,0,0,1640.79
2563,Newfoundland and Labrador.b,52,-65.625,Newfoundland and Labrador,12.2775207,0,0,2133.71
2564,Quebec.b,51.5,-65.625,Quebec,44.2353798,0,0,2157.68
2565,Quebec.b,51,-65.625,Quebec,79.2982911,0,0,2181.48
2566,Quebec.b,50.5,-65.625,Quebec,24.4255228,0,0,2205.12
2567,Quebec.b,50,-65.625,Quebec,32.9719076,0,1485.72,990.48
2568,Quebec.a,49.5,-65.625,Quebec,29.1411029,0,2502.1,0
2569,Quebec.a,49,-65.625,Quebec,9.7719717,2413,1516.68,1011.12
257,British Columbia.a,57.5,-125,British Columbia,119.7945743,0,0,2066.41
2570,Quebec.a,48.5,-65.625,Quebec,39.0984066,643,0,2553.3
2571,Quebec.a,48,-65.625,Quebec,19.5888428,10433,515.72,2062.88
2572,New Brunswick.a,47.5,-65.625,New Brunswick,8.0369989,21481,1301.86,1301.86
2573,New Brunswick.a,47,-65.625,New Brunswick,3.2147304,30070,525.73,2102.91
2574,New Brunswick.a,46.5,-65.625,New Brunswick,24.919038,10602,0,2653.35
2575,New Brunswick.a,46,-65.625,New Brunswick,9.2278846,6334,0,2677.86
2576,New Brunswick.a,45.5,-65.625,New Brunswick,7.8807196,17754,0,2702.17
2577,Nova Scotia.a,45,-65.625,Nova Scotia,28.951064,1497,2181.02,545.26
2578,Nova Scotia.a,44.5,-65.625,Nova Scotia,7.4869982,21393,550.03,2200.14
2579,Nova Scotia.a,44,-65.625,Nova Scotia,13.2234123,0,0,2496.47
258,British Columbia.a,57,-125,British Columbia,106.4913081,0,0,2094.91
2580,Nova Scotia.a,43.5,-65.625,Nova Scotia,2.6884249,12979,839.2,1958.13
2581,Nova Scotia.a,43,-65.625,Nova Scotia,58.1631781,0,2820.59,0
2582,Nova Scotia.a,42.5,-65.625,Nova Scotia,113.7578075,0,2843.64,0
2583,Quebec.b,59.5,-65,Quebec,667.1669777,0,0,1950.85
2584,Quebec.b,59,-65,Quebec,611.897525,0,0,1979.97
2585,Quebec.b,58.5,-65,Quebec,556.6931813,0,0,2008.93
2586,Quebec.b,58,-65,Quebec,501.5754452,0,0,2037.75
2587,Quebec.b,57.5,-65,Quebec,446.576386,0,0,2066.41
2588,Quebec.b,57,-65,Quebec,391.745992,0,0,2094.91
2589,Quebec.b,56.5,-65,Quebec,337.1665588,0,0,1910.92
259,British Columbia.a,56.5,-125,British Columbia,166.2105196,229,0,1910.92
2590,Quebec.b,56,-65,Quebec,282.9833337,0,0,1506
2591,Quebec.b,55.5,-65,Quebec,229.4771416,0,0,1961.5
2592,Quebec.b,55,-65,Quebec,177.2621296,0,0,1545.11
2593,Newfoundland and Labrador.b,54.5,-65,Newfoundland and Labrador,127.9291971,0,0,1564.48
2594,Newfoundland and Labrador.b,54,-65,Newfoundland and Labrador,86.5552374,0,0,678.75
2595,Newfoundland and Labrador.b,53.5,-65,Newfoundland and Labrador,69.279518,0,0,1144.91
2596,Newfoundland and Labrador.b,53,-65,Newfoundland and Labrador,110.2870644,0,0,1621.9
2597,Newfoundland and Labrador.b,52.5,-65,Newfoundland and Labrador,64.6408895,0,0,1640.79
2598,Newfoundland and Labrador.b,52,-65,Newfoundland and Labrador,48.7410983,0,0,2370.79
2599,Quebec.b,51.5,-65,Quebec,66.5200195,0,0,2157.68
26,British Columbia.a,59,-133.125,British Columbia,291.9184022,0,0,1979.97
260,British Columbia.a,56,-125,British Columbia,116.529671,0,0,1721.14
2600,Quebec.b,51,-65,Quebec,78.2012347,0,0,2181.48
2601,Quebec.b,50.5,-65,Quebec,23.6348763,0,0,2205.12
2602,Quebec.b,50,-65,Quebec,34.4083436,281,1485.72,990.48
2603,Quebec.a,49.5,-65,Quebec,36.0574895,0,2251.89,250.21
2604,Quebec.a,49,-65,Quebec,20.2395072,764,2022.23,505.56
2605,Quebec.a,48.5,-65,Quebec,27.401189,15063,0,2297.97
2606,Quebec.a,48,-65,Quebec,23.9991653,14124,1547.16,1031.44
2607,New Brunswick.a,47.5,-65,New Brunswick,5.163782,19553,1822.6,781.12
2608,New Brunswick.a,47,-65,New Brunswick,4.8817248,16043,2365.77,262.86
2609,New Brunswick.a,46.5,-65,New Brunswick,14.70407,11585,1857.34,796
261,British Columbia.a,55.5,-125,British Columbia,75.5933261,0,0,2179.44
2610,New Brunswick.a,46,-65,New Brunswick,2.3470487,172146,803.36,1874.5
2611,New Brunswick.a,45.5,-65,New Brunswick,31.8589196,16580,810.65,1891.52
2612,Nova Scotia.a,45,-65,Nova Scotia,3.9724641,24980,1363.14,1363.14
2613,Nova Scotia.a,44.5,-65,Nova Scotia,10.337414,30733,0,2750.17
2614,Nova Scotia.a,44,-65,Nova Scotia,16.259445,35478,554.77,2219.09
2615,Nova Scotia.a,43.5,-65,Nova Scotia,24.2514274,10422,2237.87,559.47
2616,Nova Scotia.a,43,-65,Nova Scotia,78.5875291,0,2820.59,0
2617,Quebec.b,59.5,-64.375,Quebec,664.5915072,0,0,975.42
2618,Newfoundland and Labrador.b,59,-64.375,Newfoundland and Labrador,609.0476215,0,0,1583.97
2619,Quebec.b,58.5,-64.375,Quebec,553.5144581,0,0,2008.93
262,British Columbia.a,55,-125,British Columbia,102.9316822,1266,0,2207.29
2620,Quebec.b,58,-64.375,Quebec,497.9956041,0,0,2037.75
2621,Quebec.b,57.5,-64.375,Quebec,442.4964455,0,0,1859.77
2622,Quebec.b,57,-64.375,Quebec,387.0254556,0,0,1885.42
2623,Quebec.b,56.5,-64.375,Quebec,331.596771,0,0,1698.6
2624,Quebec.b,56,-64.375,Quebec,276.2358598,0,0,1506
2625,Quebec.b,55.5,-64.375,Quebec,220.9936611,0,0,1525.61
2626,Quebec.b,55,-64.375,Quebec,165.9887426,0,0,1103.65
2627,Newfoundland and Labrador.b,54.5,-64.375,Newfoundland and Labrador,111.5725928,0,0,1340.99
2628,Newfoundland and Labrador.b,54,-64.375,Newfoundland and Labrador,59.3863675,0,0,905
2629,Newfoundland and Labrador.b,53.5,-64.375,Newfoundland and Labrador,28.0562691,0,0,1144.91
263,British Columbia.a,54.5,-125,British Columbia,47.340219,518,0,1787.98
2630,Newfoundland and Labrador.b,53,-64.375,Newfoundland and Labrador,65.0360225,0,0,2085.29
2631,Newfoundland and Labrador.b,52.5,-64.375,Newfoundland and Labrador,117.7044205,0,0,2343.98
2632,Newfoundland and Labrador.b,52,-64.375,Newfoundland and Labrador,94.2489364,0,0,2133.71
2633,Quebec.b,51.5,-64.375,Quebec,63.0426352,0,0,2397.42
2634,Quebec.b,51,-64.375,Quebec,75.5687186,0,0,2181.48
2635,Quebec.b,50.5,-64.375,Quebec,20.5421093,0,0,2450.13
2636,Quebec.b,50,-64.375,Quebec,36.26954,1187,1485.72,990.48
2637,Quebec.a,49.5,-64.375,Quebec,50.2260696,0,1501.26,1000.84
2638,Quebec.a,49,-64.375,Quebec,1.9806836,0,2527.79,0
2639,Quebec.a,48.5,-64.375,Quebec,4.4696592,3095,2297.97,255.33
264,British Columbia.a,54,-125,British Columbia,8.080914,1396,0,2036.24
2640,Quebec.a,48,-64.375,Quebec,24.7008317,0,2578.61,0
2641,New Brunswick.a,47.5,-64.375,New Brunswick,41.4085284,0,2603.72,0
2642,Prince Edward Island.a,47,-64.375,Prince Edward Island,35.285614,0,2628.63,0
2643,Prince Edward Island.a,46.5,-64.375,Prince Edward Island,20.3269142,14807,1857.34,796
2644,New Brunswick.a,46,-64.375,New Brunswick,10.6743943,34060,1606.72,1071.15
2645,Nova Scotia.a,45.5,-64.375,Nova Scotia,9.3761514,23054,0,2431.95
2646,Nova Scotia.a,45,-64.375,Nova Scotia,0.4247127,33703,817.88,1908.39
2647,Nova Scotia.a,44.5,-64.375,Nova Scotia,5.9782963,10789,275.02,2475.15
2648,Nova Scotia.a,44,-64.375,Nova Scotia,34.071604,2396,2773.86,0
2649,Nova Scotia.a,43.5,-64.375,Nova Scotia,65.4464791,0,2797.33,0
265,British Columbia.a,53.5,-125,British Columbia,61.6022451,1607,0,2289.83
2650,Newfoundland and Labrador.b,59.5,-63.75,Newfoundland and Labrador,664.2073963,0,1950.85,0
2651,Newfoundland and Labrador.b,59,-63.75,Newfoundland and Labrador,608.622385,0,1385.98,593.99
2652,Newfoundland and Labrador.b,58.5,-63.75,Newfoundland and Labrador,553.0398688,0,0,1607.15
2653,Newfoundland and Labrador.b,58,-63.75,Newfoundland and Labrador,497.4606839,0,0,1630.2
2654,Newfoundland and Labrador.b,57.5,-63.75,Newfoundland and Labrador,441.8860874,0,0,1653.12
2655,Newfoundland and Labrador.b,57,-63.75,Newfoundland and Labrador,386.3180596,0,0,1675.93
2656,Newfoundland and Labrador.b,56.5,-63.75,Newfoundland and Labrador,330.7599111,0,0,1698.6
2657,Quebec.b,56,-63.75,Quebec,275.2176249,0,0,1721.14
2658,Quebec.b,55.5,-63.75,Quebec,219.7032318,0,0,1743.56
2659,Quebec.b,55,-63.75,Quebec,164.2450173,0,0,1545.11
266,British Columbia.a,53,-125,British Columbia,116.8243444,38,0,2316.99
2660,Newfoundland and Labrador.b,54.5,-63.75,Newfoundland and Labrador,108.9288211,0,0,1787.98
2661,Newfoundland and Labrador.b,54,-63.75,Newfoundland and Labrador,54.1913012,0,0,905
2662,Newfoundland and Labrador.b,53.5,-63.75,Newfoundland and Labrador,13.7859663,0,0,1602.88
2663,Newfoundland and Labrador.b,53,-63.75,Newfoundland and Labrador,60.2125843,0,0,2085.29
2664,Newfoundland and Labrador.b,52.5,-63.75,Newfoundland and Labrador,115.0791225,0,0,2109.58
2665,Newfoundland and Labrador.b,52,-63.75,Newfoundland and Labrador,74.3613086,0,0,1896.63
2666,Quebec.b,51.5,-63.75,Quebec,24.1631592,0,0,2157.68
2667,Quebec.b,51,-63.75,Quebec,27.3425313,0,0,2181.48
2668,Quebec.b,50.5,-63.75,Quebec,27.205011,0,0,2205.12
2669,Quebec.b,50,-63.75,Quebec,30.7253503,3337,1238.1,1238.1
267,British Columbia.a,52.5,-125,British Columbia,172.2880414,0,0,2343.98
2670,Quebec.a,49.5,-63.75,Quebec,85.6162028,0,1000.84,1501.26
2671,Quebec.a,49,-63.75,Quebec,47.3553512,0,1769.45,758.34
2672,Quebec.a,48.5,-63.75,Quebec,44.0078403,0,2553.3,0
2673,Quebec.a,48,-63.75,Quebec,74.0229588,0,2578.61,0
2674,Quebec.a,47.5,-63.75,Quebec,53.4971799,0,2603.72,0
2675,Prince Edward Island.a,47,-63.75,Prince Edward Island,19.3377367,0,2628.63,0
2676,Prince Edward Island.a,46.5,-63.75,Prince Edward Island,8.8421058,1191,2653.35,0
2677,Prince Edward Island.a,46,-63.75,Prince Edward Island,19.0230888,72243,1338.93,1338.93
2678,Nova Scotia.a,45.5,-63.75,Nova Scotia,24.2226242,24089,1080.87,1621.3
2679,Nova Scotia.a,45,-63.75,Nova Scotia,16.3628608,53539,272.63,2453.65
268,British Columbia.a,52,-125,British Columbia,163.18519,616,0,2370.79
2680,Nova Scotia.a,44.5,-63.75,Nova Scotia,16.8502101,440027,825.05,1925.12
2681,Nova Scotia.a,44,-63.75,Nova Scotia,68.7332456,0,2773.86,0
2682,Newfoundland and Labrador.b,59,-63.125,Newfoundland and Labrador,610.626916,0,1979.97,0
2683,Newfoundland and Labrador.b,58.5,-63.125,Newfoundland and Labrador,555.2763857,0,1607.15,401.79
2684,Newfoundland and Labrador.b,58,-63.125,Newfoundland and Labrador,499.9805013,0,815.1,1222.65
2685,Newfoundland and Labrador.b,57.5,-63.125,Newfoundland and Labrador,444.7596453,0,0,2066.41
2686,Newfoundland and Labrador.b,57,-63.125,Newfoundland and Labrador,389.6457186,0,0,1885.42
2687,Newfoundland and Labrador.b,56.5,-63.125,Newfoundland and Labrador,334.6915496,0,0,1910.92
2688,Newfoundland and Labrador.b,56,-63.125,Newfoundland and Labrador,279.9912218,0,0,1936.29
2689,Newfoundland and Labrador.b,55.5,-63.125,Newfoundland and Labrador,225.7293485,0,0,1961.5
269,British Columbia.a,51.5,-125,British Columbia,112.8354226,0,0,2397.42
2690,Newfoundland and Labrador.b,55,-63.125,Newfoundland and Labrador,172.3206225,0,0,1765.84
2691,Newfoundland and Labrador.b,54.5,-63.125,Newfoundland and Labrador,120.9010287,0,0,2011.48
2692,Newfoundland and Labrador.b,54,-63.125,Newfoundland and Labrador,75.6420798,0,0,1809.99
2693,Newfoundland and Labrador.b,53.5,-63.125,Newfoundland and Labrador,54.8488233,0,0,1602.88
2694,Newfoundland and Labrador.b,53,-63.125,Newfoundland and Labrador,80.4802232,0,0,1621.9
2695,Newfoundland and Labrador.b,52.5,-63.125,Newfoundland and Labrador,130.4398706,0,0,1640.79
2696,Newfoundland and Labrador.b,52,-63.125,Newfoundland and Labrador,76.7509237,0,0,1659.55
2697,Quebec.b,51.5,-63.125,Quebec,30.8053642,0,0,2397.42
2698,Quebec.b,51,-63.125,Quebec,23.1558956,0,0,2423.87
2699,Quebec.b,50.5,-63.125,Quebec,13.3742214,0,0,2450.13
27,British Columbia.a,58.5,-133.125,British Columbia,245.7245884,0,0,2008.93
270,British Columbia.a,51,-125,British Columbia,70.8254751,0,0,2423.87
2700,Quebec.b,50,-63.125,Quebec,44.4504321,84,1485.72,990.48
2701,Quebec.a,49.5,-63.125,Quebec,93.0400897,0,1751.47,750.63
2702,Quebec.a,49,-63.125,Quebec,92.947772,177,758.34,1769.45
2703,Quebec.a,48.5,-63.125,Quebec,89.952905,0,2553.3,0
2704,Quebec.a,48,-63.125,Quebec,124.3406955,0,2578.61,0
2705,Quebec.a,47.5,-63.125,Quebec,82.6332496,0,2603.72,0
2706,Prince Edward Island.a,47,-63.125,Prince Edward Island,70.7896613,0,2628.63,0
2707,Prince Edward Island.a,46.5,-63.125,Prince Edward Island,23.2424261,0,2653.35,0
2708,Prince Edward Island.a,46,-63.125,Prince Edward Island,24.7610177,35820,803.36,1874.5
2709,Nova Scotia.a,45.5,-63.125,Nova Scotia,4.06286,31795,1621.3,1080.87
271,British Columbia.a,50.5,-125,British Columbia,51.7032976,2737,0,2205.12
2710,Nova Scotia.a,45,-63.125,Nova Scotia,18.9490255,6157,0,2726.28
2711,Nova Scotia.a,44.5,-63.125,Nova Scotia,31.6901041,10,1650.1,1100.07
2712,Nova Scotia.a,44,-63.125,Nova Scotia,83.3589047,0,0,2773.86
2713,Newfoundland and Labrador.b,58,-62.5,Newfoundland and Labrador,505.5091748,0,2037.75,0
2714,Newfoundland and Labrador.b,57.5,-62.5,Newfoundland and Labrador,451.0503094,0,619.92,1446.48
2715,Newfoundland and Labrador.b,57,-62.5,Newfoundland and Labrador,396.9066944,0,0,1466.43
2716,Newfoundland and Labrador.b,56.5,-62.5,Newfoundland and Labrador,343.2275531,0,0,1486.27
2717,Newfoundland and Labrador.b,56,-62.5,Newfoundland and Labrador,290.2706829,0,0,1506
2718,Newfoundland and Labrador.b,55.5,-62.5,Newfoundland and Labrador,238.5176569,0,0,1961.5
2719,Newfoundland and Labrador.b,55,-62.5,Newfoundland and Labrador,188.9602159,0,0,1986.57
272,British Columbia.a,50,-125,British Columbia,18.267626,1119,742.86,1733.35
2720,Newfoundland and Labrador.b,54.5,-62.5,Newfoundland and Labrador,143.8851662,0,0,2011.48
2721,Newfoundland and Labrador.b,54,-62.5,Newfoundland and Labrador,109.0027814,0,0,1583.74
2722,Newfoundland and Labrador.b,53.5,-62.5,Newfoundland and Labrador,96.1351087,0,0,2060.85
2723,Newfoundland and Labrador.b,53,-62.5,Newfoundland and Labrador,113.0663493,0,0,2085.29
2724,Newfoundland and Labrador.b,52.5,-62.5,Newfoundland and Labrador,145.0672241,0,0,2109.58
2725,Newfoundland and Labrador.b,52,-62.5,Newfoundland and Labrador,99.8305353,0,0,2133.71
2726,Quebec.b,51.5,-62.5,Quebec,76.0714841,0,0,2397.42
2727,Quebec.b,51,-62.5,Quebec,79.5698757,0,0,2423.87
2728,Quebec.b,50.5,-62.5,Quebec,29.8396869,0,0,2450.13
2729,Quebec.b,50,-62.5,Quebec,40.3928465,224,990.48,1485.72
273,British Columbia.a,49.5,-125,British Columbia,10.0988295,76365,1751.47,750.63
2730,Quebec.a,49.5,-62.5,Quebec,92.492651,0,2502.1,0
2731,Quebec.a,49,-62.5,Quebec,147.174496,0,758.34,1769.45
2732,Quebec.a,48.5,-62.5,Quebec,202.3558928,0,2553.3,0
2733,Quebec.a,48,-62.5,Quebec,172.383096,0,2578.61,0
2734,Quebec.a,47.5,-62.5,Quebec,117.0651779,0,2603.72,0
2735,Quebec.a,47,-62.5,Quebec,62.2472933,0,2365.77,262.86
2736,Prince Edward Island.a,46.5,-62.5,Prince Edward Island,13.278021,0,2653.35,0
2737,Prince Edward Island.a,46,-62.5,Prince Edward Island,10.8109676,5206,2142.29,535.57
2738,Nova Scotia.a,45.5,-62.5,Nova Scotia,14.0566576,22005,1351.09,1351.09
2739,Nova Scotia.a,45,-62.5,Nova Scotia,1.9095939,2161,0,2453.65
274,British Columbia.a,49,-125,British Columbia,31.0965977,46366,0,1769.45
2740,Nova Scotia.a,44.5,-62.5,Nova Scotia,48.2748409,0,2200.14,550.03
2741,Newfoundland and Labrador.b,57.5,-61.875,Newfoundland and Labrador,475.5578129,0,1859.77,206.64
2742,Newfoundland and Labrador.b,57,-61.875,Newfoundland and Labrador,420.7030363,0,1466.43,628.47
2743,Newfoundland and Labrador.b,56.5,-61.875,Newfoundland and Labrador,366.0720454,847,1486.27,636.97
2744,Newfoundland and Labrador.b,56,-61.875,Newfoundland and Labrador,311.7824986,0,1506,645.43
2745,Newfoundland and Labrador.b,55.5,-61.875,Newfoundland and Labrador,258.0499893,0,0,1743.56
2746,Newfoundland and Labrador.b,55,-61.875,Newfoundland and Labrador,205.3123331,0,0,1765.84
2747,Newfoundland and Labrador.b,54.5,-61.875,Newfoundland and Labrador,154.5910667,0,0,1787.98
2748,Newfoundland and Labrador.b,54,-61.875,Newfoundland and Labrador,108.7452454,0,0,1809.99
2749,Newfoundland and Labrador.b,53.5,-61.875,Newfoundland and Labrador,77.0360022,0,0,2060.85
275,British Columbia.a,48.5,-125,British Columbia,69.8543442,2317,510.66,2042.64
2750,Newfoundland and Labrador.b,53,-61.875,Newfoundland and Labrador,78.9015185,54,0,1853.59
2751,Newfoundland and Labrador.b,52.5,-61.875,Newfoundland and Labrador,112.6864692,0,0,1875.19
2752,Newfoundland and Labrador.b,52,-61.875,Newfoundland and Labrador,157.1109551,0,0,1896.63
2753,Quebec.b,51.5,-61.875,Quebec,141.466948,0,0,2157.68
2754,Quebec.b,51,-61.875,Quebec,85.8711019,0,0,2181.48
2755,Quebec.b,50.5,-61.875,Quebec,30.2811947,0,0,2450.13
2756,Quebec.b,50,-61.875,Quebec,25.3418858,1964,990.48,1485.72
2757,Quebec.a,49.5,-61.875,Quebec,80.9297684,0,2502.1,0
2758,Quebec.a,49,-61.875,Quebec,136.5254536,0,2275.01,252.78
2759,Quebec.a,48.5,-61.875,Quebec,192.1221678,0,2553.3,0
276,British Columbia.a,48,-125,British Columbia,84.932161,0,257.86,0
2760,Quebec.a,48,-61.875,Quebec,172.6859066,0,2578.61,0
2761,Quebec.a,47.5,-61.875,Quebec,117.3898095,464,2603.72,0
2762,Quebec.a,47,-61.875,Quebec,62.6295231,12190,2365.77,262.86
2763,Prince Edward Island.a,46.5,-61.875,Prince Edward Island,15.7064218,0,2653.35,0
2764,Nova Scotia.a,46,-61.875,Nova Scotia,44.7453956,4865,2142.29,535.57
2765,Nova Scotia.a,45.5,-61.875,Nova Scotia,15.2766805,13514,1351.09,1351.09
2766,Nova Scotia.a,45,-61.875,Nova Scotia,42.0182508,4585,1090.51,1635.77
2767,Nova Scotia.a,44.5,-61.875,Nova Scotia,69.0841708,0,2750.17,0
2768,Newfoundland and Labrador.b,57,-61.25,Newfoundland and Labrador,415.9927798,0,2094.91,0
2769,Newfoundland and Labrador.b,56.5,-61.25,Newfoundland and Labrador,360.5767427,0,2123.25,0
277,British Columbia.a,59.5,-124.375,British Columbia,128.704755,0,0,1950.85
2770,Newfoundland and Labrador.b,56,-61.25,Newfoundland and Labrador,305.2266176,0,1936.29,215.14
2771,Newfoundland and Labrador.b,55.5,-61.25,Newfoundland and Labrador,249.9861898,856,871.78,1307.67
2772,Newfoundland and Labrador.b,55,-61.25,Newfoundland and Labrador,194.9487326,0,0,1765.84
2773,Newfoundland and Labrador.b,54.5,-61.25,Newfoundland and Labrador,140.3532254,0,0,2011.48
2774,Newfoundland and Labrador.b,54,-61.25,Newfoundland and Labrador,87.0353589,0,0,1809.99
2775,Newfoundland and Labrador.b,53.5,-61.25,Newfoundland and Labrador,40.4151682,0,0,1831.86
2776,Newfoundland and Labrador.b,53,-61.25,Newfoundland and Labrador,43.2865364,0,0,1853.59
2777,Newfoundland and Labrador.b,52.5,-61.25,Newfoundland and Labrador,88.6332208,0,0,1875.19
2778,Newfoundland and Labrador.b,52,-61.25,Newfoundland and Labrador,141.8048459,0,0,1896.63
2779,Quebec.b,51.5,-61.25,Quebec,147.8639683,0,0,2397.42
278,British Columbia.a,59,-124.375,British Columbia,100.9849951,0,0,1979.97
2780,Quebec.b,51,-61.25,Quebec,96.1500895,0,0,2423.87
2781,Quebec.b,50.5,-61.25,Quebec,52.9904287,0,0,1960.11
2782,Quebec.b,50,-61.25,Quebec,50.5291067,0,1485.72,990.48
2783,Quebec.a,49.5,-61.25,Quebec,92.0893858,0,2502.1,0
2784,Quebec.a,49,-61.25,Quebec,143.4913885,0,2527.79,0
2785,Quebec.a,48.5,-61.25,Quebec,197.1830658,0,2553.3,0
2786,Quebec.a,48,-61.25,Quebec,154.7788437,0,2578.61,0
2787,Quebec.a,47.5,-61.25,Quebec,99.8805483,0,2603.72,0
2788,Nova Scotia.a,47,-61.25,Nova Scotia,46.6679085,0,2628.63,0
2789,Nova Scotia.a,46.5,-61.25,Nova Scotia,24.8209015,0,1592.01,1061.34
279,British Columbia.a,58.5,-124.375,British Columbia,100.0635131,0,0,2008.93
2790,Nova Scotia.a,46,-61.25,Nova Scotia,9.4655643,9975,535.57,2142.29
2791,Nova Scotia.a,45.5,-61.25,Nova Scotia,11.1178994,8201,1621.3,1080.87
2792,Nova Scotia.a,45,-61.25,Nova Scotia,42.1992101,0,2453.65,272.63
2793,Newfoundland and Labrador.b,56.5,-60.625,Newfoundland and Labrador,357.3158353,0,2123.25,0
2794,Newfoundland and Labrador.b,56,-60.625,Newfoundland and Labrador,301.7988774,0,2151.43,0
2795,Newfoundland and Labrador.b,55.5,-60.625,Newfoundland and Labrador,246.318206,0,1961.5,217.94
2796,Newfoundland and Labrador.b,55,-60.625,Newfoundland and Labrador,191.7922658,596,1545.11,662.19
2797,Newfoundland and Labrador.b,54.5,-60.625,Newfoundland and Labrador,136.2372437,0,0,1787.98
2798,Newfoundland and Labrador.b,54,-60.625,Newfoundland and Labrador,80.7406573,0,0,2036.24
2799,Newfoundland and Labrador.b,53.5,-60.625,Newfoundland and Labrador,25.6841341,1785,0,1602.88
28,British Columbia.a,58,-133.125,British Columbia,204.2690016,0,0,2037.75
280,British Columbia.a,58,-124.375,British Columbia,122.0390529,0,0,2037.75
2800,Newfoundland and Labrador.b,53,-60.625,Newfoundland and Labrador,28.1450686,8040,0,2085.29
2801,Newfoundland and Labrador.b,52.5,-60.625,Newfoundland and Labrador,82.7727166,0,0,1875.19
2802,Newfoundland and Labrador.b,52,-60.625,Newfoundland and Labrador,138.1761635,0,0,2370.79
2803,Quebec.b,51.5,-60.625,Quebec,193.6908194,0,0,2397.42
2804,Quebec.b,51,-60.625,Quebec,122.4938925,0,0,2423.87
2805,Quebec.b,50.5,-60.625,Quebec,92.8956299,0,0,2450.13
2806,Quebec.b,50,-60.625,Quebec,91.8488129,0,1238.1,1238.1
2807,Quebec.a,49.5,-60.625,Quebec,120.1023431,0,2502.1,0
2808,Quebec.a,49,-60.625,Quebec,128.0941582,0,2527.79,0
2809,Quebec.a,48.5,-60.625,Quebec,130.7129328,0,2553.3,0
281,British Columbia.a,57.5,-124.375,British Columbia,161.793566,0,0,2066.41
2810,Quebec.a,48,-60.625,Quebec,107.0228967,0,2578.61,0
2811,Quebec.a,47.5,-60.625,Quebec,101.8467934,0,2603.72,0
2812,Nova Scotia.a,47,-60.625,Nova Scotia,54.0889564,0,2628.63,0
2813,Nova Scotia.a,46.5,-60.625,Nova Scotia,14.618702,2673,1857.34,796
2814,Nova Scotia.a,46,-60.625,Nova Scotia,15.578331,94797,1338.93,1338.93
2815,Nova Scotia.a,45.5,-60.625,Nova Scotia,26.53382,5131,1351.09,1351.09
2816,Newfoundland and Labrador.b,56,-60,Newfoundland and Labrador,302.1997002,0,2151.43,0
2817,Newfoundland and Labrador.b,55.5,-60,Newfoundland and Labrador,246.8154115,0,2179.44,0
2818,Newfoundland and Labrador.b,55,-60,Newfoundland and Labrador,191.5545947,0,1765.84,441.46
2819,Newfoundland and Labrador.b,54.5,-60,Newfoundland and Labrador,136.567218,188,0,1564.48
282,British Columbia.a,57,-124.375,British Columbia,211.3022328,0,0,2094.91
2820,Newfoundland and Labrador.b,54,-60,Newfoundland and Labrador,82.4025133,0,0,1809.99
2821,Newfoundland and Labrador.b,53.5,-60,Newfoundland and Labrador,33.3447187,0,1373.9,915.93
2822,Newfoundland and Labrador.b,53,-60,Newfoundland and Labrador,40.1956866,0,0,2085.29
2823,Newfoundland and Labrador.b,52.5,-60,Newfoundland and Labrador,91.1133529,0,0,2109.58
2824,Newfoundland and Labrador.b,52,-60,Newfoundland and Labrador,145.498178,0,0,2133.71
2825,Quebec.b,51.5,-60,Quebec,200.5490549,0,0,2157.68
2826,Quebec.b,51,-60,Quebec,157.0133072,0,0,2181.48
2827,Quebec.b,50.5,-60,Quebec,135.5779386,0,0,1960.11
2828,Quebec.b,50,-60,Quebec,177.9194502,0,1980.97,495.24
2829,Quebec.a,49.5,-60,Quebec,128.962163,0,2502.1,0
283,British Columbia.a,56.5,-124.375,British Columbia,156.1320348,0,0,2123.25
2830,Newfoundland and Labrador.a,49,-60,Newfoundland and Labrador,88.2555631,0,2527.79,0
2831,Newfoundland and Labrador.a,48.5,-60,Newfoundland and Labrador,71.6152607,0,2553.3,0
2832,Newfoundland and Labrador.a,48,-60,Newfoundland and Labrador,62.4580175,0,2578.61,0
2833,Newfoundland and Labrador.a,47.5,-60,Newfoundland and Labrador,70.1509004,0,2603.72,0
2834,Nova Scotia.a,47,-60,Nova Scotia,42.4737278,0,2628.63,0
2835,Nova Scotia.a,46.5,-60,Nova Scotia,28.841496,0,2653.35,0
2836,Nova Scotia.a,46,-60,Nova Scotia,6.6083372,0,2410.08,267.79
2837,Nova Scotia.a,45.5,-60,Nova Scotia,59.6579792,0,2431.95,270.22
2838,Newfoundland and Labrador.b,55.5,-59.375,Newfoundland and Labrador,253.8391225,0,2179.44,0
2839,Newfoundland and Labrador.b,55,-59.375,Newfoundland and Labrador,200.6334388,365,1986.57,220.73
284,British Columbia.a,56,-124.375,British Columbia,101.4293902,0,0,1506
2840,Newfoundland and Labrador.b,54.5,-59.375,Newfoundland and Labrador,149.1817412,0,447,1787.98
2841,Newfoundland and Labrador.b,54,-59.375,Newfoundland and Labrador,102.1692005,0,0,1809.99
2842,Newfoundland and Labrador.b,53.5,-59.375,Newfoundland and Labrador,69.3097228,0,915.93,1373.9
2843,Newfoundland and Labrador.b,53,-59.375,Newfoundland and Labrador,73.150997,0,0,1853.59
2844,Newfoundland and Labrador.b,52.5,-59.375,Newfoundland and Labrador,109.9101341,0,0,1875.19
2845,Newfoundland and Labrador.b,52,-59.375,Newfoundland and Labrador,158.0865121,0,0,2133.71
2846,Quebec.b,51.5,-59.375,Quebec,209.9628337,0,0,2157.68
2847,Quebec.b,51,-59.375,Quebec,173.7150023,0,0,2181.48
2848,Quebec.b,50.5,-59.375,Quebec,133.613771,356,1715.09,735.04
2849,Quebec.a,50,-59.375,Quebec,108.2126477,0,2476.21,0
285,British Columbia.a,55.5,-124.375,British Columbia,48.7930356,0,0,1743.56
2850,Newfoundland and Labrador.a,49.5,-59.375,Newfoundland and Labrador,110.6929159,0,2502.1,0
2851,Newfoundland and Labrador.a,49,-59.375,Newfoundland and Labrador,58.0199876,0,2527.79,0
2852,Newfoundland and Labrador.a,48.5,-59.375,Newfoundland and Labrador,25.726235,2353,2042.64,510.66
2853,Newfoundland and Labrador.a,48,-59.375,Newfoundland and Labrador,26.2820599,1949,2062.88,515.72
2854,Newfoundland and Labrador.a,47.5,-59.375,Newfoundland and Labrador,18.8893819,6738,781.12,1822.6
2855,Newfoundland and Labrador.a,47,-59.375,Newfoundland and Labrador,4.9413466,0,2628.63,0
2856,Nova Scotia.a,46.5,-59.375,Nova Scotia,55.4323146,0,2653.35,0
2857,Nova Scotia.a,46,-59.375,Nova Scotia,40.0945654,0,2677.86,0
2858,Nova Scotia.a,45.5,-59.375,Nova Scotia,83.1714881,0,2702.17,0
2859,Newfoundland and Labrador.b,55.5,-58.75,Newfoundland and Labrador,266.8740156,0,2179.44,0
286,British Columbia.a,55,-124.375,British Columbia,25.6072192,0,0,2207.29
2860,Newfoundland and Labrador.b,55,-58.75,Newfoundland and Labrador,217.0862929,0,2207.29,0
2861,Newfoundland and Labrador.b,54.5,-58.75,Newfoundland and Labrador,170.9173827,0,893.99,1340.99
2862,Newfoundland and Labrador.b,54,-58.75,Newfoundland and Labrador,132.2142949,327,0,1583.74
2863,Newfoundland and Labrador.b,53.5,-58.75,Newfoundland and Labrador,109.2248268,0,0,2060.85
2864,Newfoundland and Labrador.b,53,-58.75,Newfoundland and Labrador,112.0762277,0,0,2085.29
2865,Newfoundland and Labrador.b,52.5,-58.75,Newfoundland and Labrador,139.1893453,0,0,2109.58
2866,Newfoundland and Labrador.b,52,-58.75,Newfoundland and Labrador,150.45035,0,0,2133.71
2867,Quebec.b,51.5,-58.75,Quebec,161.9188528,0,0,2397.42
2868,Quebec.b,51,-58.75,Quebec,117.7786976,425,969.55,1454.32
2869,Quebec.a,50.5,-58.75,Quebec,102.8740665,0,2450.13,0
287,British Columbia.a,54.5,-124.375,British Columbia,9.7899165,0,0,2234.98
2870,Newfoundland and Labrador.a,50,-58.75,Quebec,66.059954,0,2476.21,0
2871,Newfoundland and Labrador.a,49.5,-58.75,Newfoundland and Labrador,64.665472,0,2502.1,0
2872,Newfoundland and Labrador.a,49,-58.75,Newfoundland and Labrador,49.4990951,2417,2022.23,505.56
2873,Newfoundland and Labrador.a,48.5,-58.75,Newfoundland and Labrador,7.6369665,11721,510.66,2042.64
2874,Newfoundland and Labrador.a,48,-58.75,Newfoundland and Labrador,44.6773807,1730,257.86,2320.75
2875,Newfoundland and Labrador.a,47.5,-58.75,Newfoundland and Labrador,16.3173926,443,781.12,1822.6
2876,Newfoundland and Labrador.a,47,-58.75,Newfoundland and Labrador,68.6920389,0,2628.63,0
2877,Newfoundland and Labrador.a,46.5,-58.75,Newfoundland and Labrador,76.2340567,0,2653.35,0
2878,Newfoundland and Labrador.b,55,-58.125,Newfoundland and Labrador,239.3964717,0,2207.29,0
2879,Newfoundland and Labrador.b,54.5,-58.125,Newfoundland and Labrador,198.8032794,0,893.99,1340.99
288,British Columbia.a,54,-124.375,British Columbia,3.7958784,6280,0,2262.49
2880,Newfoundland and Labrador.b,54,-58.125,Newfoundland and Labrador,167.0803798,0,1357.49,905
2881,Newfoundland and Labrador.b,53.5,-58.125,Newfoundland and Labrador,149.96666,0,0,2060.85
2882,Newfoundland and Labrador.b,53,-58.125,Newfoundland and Labrador,199.426063,0,0,2085.29
2883,Newfoundland and Labrador.b,52.5,-58.125,Newfoundland and Labrador,152.3900115,0,0,2109.58
2884,Newfoundland and Labrador.b,52,-58.125,Newfoundland and Labrador,113.3860532,0,0,2133.71
2885,Quebec.b,51.5,-58.125,Quebec,119.2877902,0,0,2157.68
2886,Quebec.b,51,-58.125,Quebec,90.651135,692,1939.1,484.77
2887,Newfoundland and Labrador.a,50.5,-58.125,Newfoundland and Labrador,48.0096459,0,2450.13,0
2888,Newfoundland and Labrador.a,50,-58.125,Newfoundland and Labrador,32.0925738,795,1980.97,495.24
2889,Newfoundland and Labrador.a,49.5,-58.125,Newfoundland and Labrador,14.6696716,2581,1000.84,1501.26
289,British Columbia.a,53.5,-124.375,British Columbia,58.3815777,3856,0,2289.83
2890,Newfoundland and Labrador.a,49,-58.125,Newfoundland and Labrador,4.7100282,6018,0,2275.01
2891,Newfoundland and Labrador.a,48.5,-58.125,Newfoundland and Labrador,10.2933706,24986,0,2297.97
2892,Newfoundland and Labrador.a,48,-58.125,Newfoundland and Labrador,42.5983565,0,0,2320.75
2893,Newfoundland and Labrador.a,47.5,-58.125,Newfoundland and Labrador,48.2953561,1176,781.12,1822.6
2894,Newfoundland and Labrador.a,47,-58.125,Newfoundland and Labrador,95.70192,0,2628.63,0
2895,Newfoundland and Labrador.a,46.5,-58.125,Newfoundland and Labrador,136.4801253,0,2653.35,0
2896,Newfoundland and Labrador.b,54.5,-57.5,Newfoundland and Labrador,230.6173614,0,2011.48,223.5
2897,Newfoundland and Labrador.b,54,-57.5,Newfoundland and Labrador,292.6010598,0,2036.24,226.25
2898,Newfoundland and Labrador.b,53.5,-57.5,Newfoundland and Labrador,237.9815018,439,1373.9,915.93
2899,Newfoundland and Labrador.b,53,-57.5,Newfoundland and Labrador,183.9484786,211,0,2085.29
29,British Columbia.a,57.5,-133.125,British Columbia,171.0324785,0,0,1033.2
290,British Columbia.a,53,-124.375,British Columbia,113.9498312,0,0,2316.99
2900,Newfoundland and Labrador.b,52.5,-57.5,Newfoundland and Labrador,131.2285147,0,0,2343.98
2901,Newfoundland and Labrador.b,52,-57.5,Newfoundland and Labrador,82.3822556,0,0,2133.71
2902,Quebec.b,51.5,-57.5,Quebec,50.3466154,0,0,2397.42
2903,Newfoundland and Labrador.a,51,-57.5,Newfoundland and Labrador,49.0332115,1893,2181.48,242.39
2904,Newfoundland and Labrador.a,50.5,-57.5,Newfoundland and Labrador,25.5892327,1986,1225.07,1225.07
2905,Newfoundland and Labrador.a,50,-57.5,Newfoundland and Labrador,15.0542468,0,0,2228.59
2906,Newfoundland and Labrador.a,49.5,-57.5,Newfoundland and Labrador,14.3454985,853,0,2502.1
2907,Newfoundland and Labrador.a,49,-57.5,Newfoundland and Labrador,7.5763183,6273,0,2022.23
2908,Newfoundland and Labrador.a,48.5,-57.5,Newfoundland and Labrador,22.4404326,101,0,1787.31
2909,Newfoundland and Labrador.a,48,-57.5,Newfoundland and Labrador,25.1362176,0,0,1805.02
291,British Columbia.a,52.5,-124.375,British Columbia,169.5372377,0,0,2343.98
2910,Newfoundland and Labrador.a,47.5,-57.5,Newfoundland and Labrador,35.5802027,503,260.37,2343.35
2911,Newfoundland and Labrador.a,47,-57.5,Newfoundland and Labrador,89.9011723,0,2628.63,0
2912,Newfoundland and Labrador.a,46.5,-57.5,Newfoundland and Labrador,145.1917329,0,2653.35,0
2913,Newfoundland and Labrador.b,54,-56.875,Newfoundland and Labrador,288.7243158,0,2262.49,0
2914,Newfoundland and Labrador.b,53.5,-56.875,Newfoundland and Labrador,233.1412322,0,1602.88,686.95
2915,Newfoundland and Labrador.b,53,-56.875,Newfoundland and Labrador,177.5671475,0,0,2085.29
2916,Newfoundland and Labrador.b,52.5,-56.875,Newfoundland and Labrador,122.0143585,403,0,2109.58
2917,Newfoundland and Labrador.b,52,-56.875,Newfoundland and Labrador,66.5362275,0,0,2133.71
2918,Newfoundland and Labrador.b,51.5,-56.875,Newfoundland and Labrador,12.1979326,1055,958.97,1438.45
2919,Newfoundland and Labrador.a,51,-56.875,Newfoundland and Labrador,7.4677538,2797,727.16,1696.71
292,British Columbia.a,52,-124.375,British Columbia,150.1140549,196,0,2370.79
2920,Newfoundland and Labrador.a,50.5,-56.875,Newfoundland and Labrador,23.9480007,0,0,2205.12
2921,Newfoundland and Labrador.a,50,-56.875,Newfoundland and Labrador,7.7907831,0,1238.1,1238.1
2922,Newfoundland and Labrador.a,49.5,-56.875,Newfoundland and Labrador,3.9887512,1040,750.63,1751.47
2923,Newfoundland and Labrador.a,49,-56.875,Newfoundland and Labrador,21.5492304,291,0,2275.01
2924,Newfoundland and Labrador.a,48.5,-56.875,Newfoundland and Labrador,33.0251334,677,0,2042.64
2925,Newfoundland and Labrador.a,48,-56.875,Newfoundland and Labrador,22.7067565,0,0,1805.02
2926,Newfoundland and Labrador.a,47.5,-56.875,Newfoundland and Labrador,77.5816702,74,520.74,2082.98
2927,Newfoundland and Labrador.b,47,-56.875,Newfoundland and Labrador,106.9148516,0,1314.32,0
2928,Newfoundland and Labrador.b,46.5,-56.875,Newfoundland and Labrador,107.539712,0,796,0
2929,Newfoundland and Labrador.b,53.5,-56.25,Newfoundland and Labrador,236.4669,0,2289.83,0
293,British Columbia.a,51.5,-124.375,British Columbia,98.3808084,0,0,2397.42
2930,Newfoundland and Labrador.b,53,-56.25,Newfoundland and Labrador,180.9456596,0,1158.5,1158.5
2931,Newfoundland and Labrador.b,52.5,-56.25,Newfoundland and Labrador,125.4919063,292,1171.99,1171.99
2932,Newfoundland and Labrador.b,52,-56.25,Newfoundland and Labrador,70.2656052,493,948.32,1422.48
2933,Newfoundland and Labrador.a,51.5,-56.25,Newfoundland and Labrador,17.5625145,268,1917.94,479.48
2934,Newfoundland and Labrador.a,51,-56.25,Newfoundland and Labrador,15.3375195,246,1454.32,969.55
2935,Newfoundland and Labrador.a,50.5,-56.25,Newfoundland and Labrador,44.3436121,1647,1960.11,490.03
2936,Newfoundland and Labrador.a,50,-56.25,Newfoundland and Labrador,9.157721,318,2228.59,247.62
2937,Newfoundland and Labrador.a,49.5,-56.25,Newfoundland and Labrador,10.514187,7736,1501.26,1000.84
2938,Newfoundland and Labrador.a,49,-56.25,Newfoundland and Labrador,43.524922,2059,0,2022.23
2939,Newfoundland and Labrador.a,48.5,-56.25,Newfoundland and Labrador,23.8060692,14535,0,2297.97
294,British Columbia.a,51,-124.375,British Columbia,43.9308409,0,0,2181.48
2940,Newfoundland and Labrador.a,48,-56.25,Newfoundland and Labrador,21.1997872,0,0,2062.88
2941,Newfoundland and Labrador.a,47.5,-56.25,Newfoundland and Labrador,58.7985629,3742,781.12,1822.6
2942,Newfoundland and Labrador.a,47,-56.25,Newfoundland and Labrador,38.7366204,5210,1840.04,525.73
2943,Newfoundland and Labrador.a,46.5,-56.25,Newfoundland and Labrador,75.6694488,719,1326.67,530.67
2944,Newfoundland and Labrador.b,53,-55.625,Newfoundland and Labrador,179.6599136,0,2316.99,0
2945,Newfoundland and Labrador.b,52.5,-55.625,Newfoundland and Labrador,124.0693718,0,2343.98,0
2946,Newfoundland and Labrador.b,52,-55.625,Newfoundland and Labrador,68.4900653,0,2370.79,0
2947,Newfoundland and Labrador.a,51.5,-55.625,Newfoundland and Labrador,13.0661641,1137,2157.68,239.74
2948,Newfoundland and Labrador.a,51,-55.625,Newfoundland and Labrador,42.8102303,2352,2181.48,242.39
2949,Newfoundland and Labrador.a,50.5,-55.625,Newfoundland and Labrador,68.2399748,0,2450.13,0
295,British Columbia.a,50.5,-124.375,British Columbia,19.0578344,0,0,2450.13
2950,Newfoundland and Labrador.a,50,-55.625,Newfoundland and Labrador,16.2788748,0,2476.21,0
2951,Newfoundland and Labrador.a,49.5,-55.625,Newfoundland and Labrador,45.337167,2112,2251.89,250.21
2952,Newfoundland and Labrador.a,49,-55.625,Newfoundland and Labrador,6.9302407,14237,1011.12,1516.68
2953,Newfoundland and Labrador.a,48.5,-55.625,Newfoundland and Labrador,47.0204987,0,0,2297.97
2954,Newfoundland and Labrador.a,48,-55.625,Newfoundland and Labrador,15.1006447,596,0,2062.88
2955,Newfoundland and Labrador.a,47.5,-55.625,Newfoundland and Labrador,9.7969182,651,781.12,1822.6
2956,Newfoundland and Labrador.a,47,-55.625,Newfoundland and Labrador,8.6951851,10639,1577.18,1051.45
2957,Newfoundland and Labrador.a,46.5,-55.625,Newfoundland and Labrador,50.6936647,1797,2122.68,530.67
2958,Newfoundland and Labrador.a,49.5,-55,Newfoundland and Labrador,16.0803391,5461,2251.89,250.21
2959,Newfoundland and Labrador.a,49,-55,Newfoundland and Labrador,7.3127784,4747,1011.12,1516.68
296,British Columbia.a,50,-124.375,British Columbia,20.9662065,4289,0,2476.21
2960,Newfoundland and Labrador.a,48.5,-55,Newfoundland and Labrador,28.0887787,13469,0,2042.64
2961,Newfoundland and Labrador.a,48,-55,Newfoundland and Labrador,65.4762914,0,0,2062.88
2962,Newfoundland and Labrador.a,47.5,-55,Newfoundland and Labrador,12.792541,1490,520.74,2082.98
2963,Newfoundland and Labrador.a,47,-55,Newfoundland and Labrador,18.5833376,1126,2102.91,525.73
2964,Newfoundland and Labrador.a,46.5,-55,Newfoundland and Labrador,56.5893365,0,2653.35,0
2965,Newfoundland and Labrador.a,49.5,-54.375,Newfoundland and Labrador,10.2091302,2117,2251.89,250.21
2966,Newfoundland and Labrador.a,49,-54.375,Newfoundland and Labrador,14.0735072,3075,758.34,1769.45
2967,Newfoundland and Labrador.a,48.5,-54.375,Newfoundland and Labrador,9.50638,6755,1021.32,1531.98
2968,Newfoundland and Labrador.a,48,-54.375,Newfoundland and Labrador,42.6594502,12207,0,2062.88
2969,Newfoundland and Labrador.a,47.5,-54.375,Newfoundland and Labrador,10.435337,3260,1041.49,1562.23
297,British Columbia.a,49.5,-124.375,British Columbia,19.3294158,2218,750.63,1751.47
2970,Newfoundland and Labrador.a,47,-54.375,Newfoundland and Labrador,42.415254,3903,1314.32,1314.32
2971,Newfoundland and Labrador.a,46.5,-54.375,Newfoundland and Labrador,90.5260956,688,2122.68,530.67
2972,Newfoundland and Labrador.a,49.5,-53.75,Newfoundland and Labrador,43.4767749,0,2502.1,0
2973,Newfoundland and Labrador.a,49,-53.75,Newfoundland and Labrador,12.2600737,3117,2022.23,505.56
2974,Newfoundland and Labrador.a,48.5,-53.75,Newfoundland and Labrador,14.7421041,826,2297.97,255.33
2975,Newfoundland and Labrador.a,48,-53.75,Newfoundland and Labrador,15.3150618,4261,1289.3,1289.3
2976,Newfoundland and Labrador.a,47.5,-53.75,Newfoundland and Labrador,5.2513749,34175,1041.49,1562.23
2977,Newfoundland and Labrador.a,47,-53.75,Newfoundland and Labrador,19.0707874,10126,262.86,2365.77
2978,Newfoundland and Labrador.a,46.5,-53.75,Newfoundland and Labrador,40.2589523,2000,1326.67,1326.67
2979,Newfoundland and Labrador.a,49.5,-53.125,Newfoundland and Labrador,54.3210539,0,2502.1,0
298,British Columbia.a,49,-124.375,British Columbia,33.7113316,158846,1516.68,1011.12
2980,Newfoundland and Labrador.a,48.5,-53.125,Newfoundland and Labrador,2.5935315,5154,2425.63,127.66
2981,Newfoundland and Labrador.a,48,-53.125,Newfoundland and Labrador,7.10034,955,2449.68,128.93
2982,Newfoundland and Labrador.a,47.5,-53.125,Newfoundland and Labrador,5.84289,72428,2082.98,520.74
2983,Newfoundland and Labrador.a,47,-53.125,Newfoundland and Labrador,12.2217781,144282,1314.32,1314.32
2984,Newfoundland and Labrador.a,46.5,-53.125,Newfoundland and Labrador,34.4645185,595,2122.68,530.67
299,British Columbia.a,48.5,-124.375,British Columbia,25.0491964,18038,0,2553.3
3,British Columbia.a,59,-138.75,British Columbia,539.8529875,0,0,19.8
30,British Columbia.a,57,-133.125,British Columbia,151.5236768,0,0,20.95
300,British Columbia.a,48,-124.375,British Columbia,53.4260872,399,515.72,515.72
301,British Columbia.a,59.5,-123.75,British Columbia,104.9908353,0,0,1755.76
302,British Columbia.a,59,-123.75,British Columbia,67.6342294,0,0,1979.97
303,British Columbia.a,58.5,-123.75,British Columbia,63.5520395,0,0,2008.93
304,British Columbia.a,58,-123.75,British Columbia,95.1787304,0,0,2037.75
305,British Columbia.a,57.5,-123.75,British Columbia,142.3414408,0,0,2066.41
306,British Columbia.a,57,-123.75,British Columbia,188.2831599,0,0,2094.91
307,British Columbia.a,56.5,-123.75,British Columbia,134.132028,0,0,2123.25
308,British Columbia.a,56,-123.75,British Columbia,81.941099,0,0,1936.29
309,British Columbia.a,55.5,-123.75,British Columbia,46.6552804,0,0,1743.56
31,British Columbia.a,54,-133.125,British Columbia,183.174313,0,1809.99,452.5
310,British Columbia.a,55,-123.75,British Columbia,21.19205,3281,0,1986.57
311,British Columbia.a,54.5,-123.75,British Columbia,27.0812383,0,0,2234.98
312,British Columbia.a,54,-123.75,British Columbia,17.3519337,0,0,2262.49
313,British Columbia.a,53.5,-123.75,British Columbia,59.147611,3603,0,2289.83
314,British Columbia.a,53,-123.75,British Columbia,101.2786796,5,0,2316.99
315,British Columbia.a,52.5,-123.75,British Columbia,89.4696126,81,0,2343.98
316,British Columbia.a,52,-123.75,British Columbia,148.0464918,447,0,2370.79
317,British Columbia.a,51.5,-123.75,British Columbia,92.8950505,219,0,2397.42
318,British Columbia.a,51,-123.75,British Columbia,39.0302677,0,0,2423.87
319,British Columbia.a,50.5,-123.75,British Columbia,24.4821954,0,0,2450.13
32,British Columbia.a,53.5,-133.125,British Columbia,201.4335537,0,228.98,2060.85
320,British Columbia.a,50,-123.75,British Columbia,21.7373265,744,0,2476.21
321,British Columbia.a,49.5,-123.75,British Columbia,2.5947258,6941,0,2251.89
322,British Columbia.a,49,-123.75,British Columbia,5.1037388,302008,2022.23,505.56
323,British Columbia.a,48.5,-123.75,British Columbia,12.6978959,128028,1787.31,765.99
324,British Columbia.a,48,-123.75,British Columbia,43.6362696,349940,773.58,515.72
325,British Columbia.a,59.5,-123.125,British Columbia,89.5891919,0,0,1950.85
326,British Columbia.a,59,-123.125,British Columbia,39.1578112,0,0,1979.97
327,British Columbia.a,58.5,-123.125,British Columbia,30.1914344,4366,0,2008.93
328,British Columbia.a,58,-123.125,British Columbia,76.727903,107,0,2037.75
329,British Columbia.a,57.5,-123.125,British Columbia,130.5562853,0,0,2066.41
33,British Columbia.a,53,-133.125,British Columbia,231.9022204,0,1853.59,463.4
330,British Columbia.a,57,-123.125,British Columbia,123.5469303,5379,0,2094.91
331,British Columbia.a,56.5,-123.125,British Columbia,78.7757172,0,0,2123.25
332,British Columbia.a,56,-123.125,British Columbia,73.8500339,0,0,1936.29
333,British Columbia.a,55.5,-123.125,British Columbia,18.5101881,0,0,2179.44
334,British Columbia.a,55,-123.125,British Columbia,32.4847037,0,0,2207.29
335,British Columbia.a,54.5,-123.125,British Columbia,32.2609666,446,0,2234.98
336,British Columbia.a,54,-123.125,British Columbia,17.7603755,3555,0,2262.49
337,British Columbia.a,53.5,-123.125,British Columbia,41.7379118,81083,0,2289.83
338,British Columbia.a,53,-123.125,British Columbia,40.6317451,5349,0,2316.99
339,British Columbia.a,52.5,-123.125,British Columbia,47.1641914,0,0,2343.98
34,British Columbia.a,52.5,-133.125,British Columbia,266.9494395,0,2343.98,0
340,British Columbia.a,52,-123.125,British Columbia,73.1594032,0,0,2370.79
341,British Columbia.a,51.5,-123.125,British Columbia,74.8507184,447,0,2397.42
342,British Columbia.a,51,-123.125,British Columbia,19.6910781,0,0,2423.87
343,British Columbia.a,50.5,-123.125,British Columbia,24.9150858,2305,0,2450.13
344,British Columbia.a,50,-123.125,British Columbia,13.8832135,18776,0,2476.21
345,British Columbia.a,49.5,-123.125,British Columbia,10.4201831,23819,0,2502.1
346,British Columbia.a,49,-123.125,British Columbia,3.3135398,2359492,252.78,2275.01
347,British Columbia.a,48.5,-123.125,British Columbia,17.5585256,0,255.33,0
348,British Columbia.a,59.5,-122.5,British Columbia,87.032293,0,0,1950.85
349,British Columbia.a,59,-122.5,British Columbia,32.7882591,0,0,1979.97
35,British Columbia.a,59.5,-132.5,British Columbia,246.2768569,0,0,1560.68
350,British Columbia.a,58.5,-122.5,British Columbia,20.2443112,0,0,2008.93
351,British Columbia.a,58,-122.5,British Columbia,71.2943872,0,0,2037.75
352,British Columbia.a,57.5,-122.5,British Columbia,126.2532465,0,0,2066.41
353,British Columbia.a,57,-122.5,British Columbia,111.2136414,0,0,2094.91
354,British Columbia.a,56.5,-122.5,British Columbia,57.1975194,0,0,2123.25
355,British Columbia.a,56,-122.5,British Columbia,18.8885224,841,0,1936.29
356,British Columbia.a,55.5,-122.5,British Columbia,38.1187646,99,0,2179.44
357,British Columbia.a,55,-122.5,British Columbia,19.9760318,0,0,2207.29
358,British Columbia.a,54.5,-122.5,British Columbia,10.1462779,0,0,2234.98
359,British Columbia.a,54,-122.5,British Columbia,11.6999415,0,0,2262.49
36,British Columbia.a,59,-132.5,British Columbia,204.8414949,0,0,1979.97
360,British Columbia.a,53.5,-122.5,British Columbia,22.0093085,533,0,2289.83
361,British Columbia.a,53,-122.5,British Columbia,0.4437217,1239,0,2316.99
362,British Columbia.a,52.5,-122.5,British Columbia,4.8588237,16183,0,2343.98
363,British Columbia.a,52,-122.5,British Columbia,27.984837,14206,0,2370.79
364,British Columbia.a,51.5,-122.5,British Columbia,67.7286274,4714,0,2397.42
365,British Columbia.a,51,-122.5,British Columbia,19.7314335,160,0,2423.87
366,British Columbia.a,50.5,-122.5,British Columbia,30.5743608,3811,0,2450.13
367,British Columbia.a,50,-122.5,British Columbia,3.0697904,0,0,2476.21
368,British Columbia.a,49.5,-122.5,British Columbia,14.4933432,101,0,2251.89
369,British Columbia.a,49,-122.5,British Columbia,12.3753273,302629,0,2275.01
37,British Columbia.a,58.5,-132.5,British Columbia,225.7422542,0,0,2008.93
370,British Columbia.a,59.5,-121.875,British Columbia,99.299781,0,0,1950.85
371,British Columbia.a,59,-121.875,British Columbia,46.6980034,0,0,1979.97
372,British Columbia.a,58.5,-121.875,British Columbia,26.1063281,0,0,2008.93
373,British Columbia.a,58,-121.875,British Columbia,73.2139137,5,0,2037.75
374,British Columbia.a,57.5,-121.875,British Columbia,127.3622611,0,0,2066.41
375,British Columbia.a,57,-121.875,British Columbia,65.4376591,0,0,2094.91
376,British Columbia.a,56.5,-121.875,British Columbia,55.3979186,0,0,2123.25
377,British Columbia.a,56,-121.875,British Columbia,7.7089109,247,0,2151.43
378,British Columbia.a,55.5,-121.875,British Columbia,12.45093,5259,0,2179.44
379,British Columbia.a,55,-121.875,British Columbia,43.8603337,0,0,2207.29
38,British Columbia.a,58,-132.5,British Columbia,179.3648549,0,0,2037.75
380,British Columbia.a,54.5,-121.875,British Columbia,42.7182074,0,0,2234.98
381,British Columbia.a,54,-121.875,British Columbia,13.9019755,0,0,2262.49
382,British Columbia.a,53.5,-121.875,British Columbia,68.8755355,1249,0,2289.83
383,British Columbia.a,53,-121.875,British Columbia,53.2199363,218,0,2316.99
384,British Columbia.a,52.5,-121.875,British Columbia,4.9398637,0,0,2343.98
385,British Columbia.a,52,-121.875,British Columbia,23.3414454,0,0,2370.79
386,British Columbia.a,51.5,-121.875,British Columbia,53.6838858,7245,0,2397.42
387,British Columbia.a,51,-121.875,British Columbia,13.4240582,1730,0,2423.87
388,British Columbia.a,50.5,-121.875,British Columbia,19.5185598,3303,0,2450.13
389,British Columbia.a,50,-121.875,British Columbia,34.1508592,2135,0,2476.21
39,British Columbia.a,57.5,-132.5,British Columbia,139.8766287,0,0,2066.41
390,British Columbia.a,49.5,-121.875,British Columbia,21.4961685,678,0,2251.89
391,British Columbia.a,49,-121.875,British Columbia,17.2671806,21008,0,2275.01
392,British Columbia.a,59.5,-121.25,British Columbia,112.5989773,0,0,1950.85
393,British Columbia.a,59,-121.25,British Columbia,70.9953418,0,0,1781.97
394,British Columbia.a,58.5,-121.25,British Columbia,59.8539233,0,0,2008.93
395,British Columbia.a,58,-121.25,British Columbia,91.1179784,0,0,2037.75
396,British Columbia.a,57.5,-121.25,British Columbia,92.8685282,0,0,2066.41
397,British Columbia.a,57,-121.25,British Columbia,39.5062348,0,0,2094.91
398,British Columbia.a,56.5,-121.25,British Columbia,22.3911201,145,0,2123.25
399,British Columbia.a,56,-121.25,British Columbia,12.3000021,28729,0,2151.43
4,British Columbia.a,59.5,-138.125,British Columbia,534.9533192,0,0,1950.85
40,British Columbia.a,57,-132.5,British Columbia,114.6330041,0,0,1675.93
400,British Columbia.a,55.5,-121.25,British Columbia,24.0330742,0,0,2179.44
401,British Columbia.a,55,-121.25,British Columbia,18.080424,2399,0,2207.29
402,British Columbia.a,54.5,-121.25,British Columbia,57.4347626,0,0,2234.98
403,British Columbia.a,54,-121.25,British Columbia,47.2379316,0,0,2262.49
404,British Columbia.a,53.5,-121.25,British Columbia,82.5011399,0,0,2289.83
405,British Columbia.a,53,-121.25,British Columbia,56.8453235,0,0,2316.99
406,British Columbia.a,52.5,-121.25,British Columbia,26.3797911,0,0,1875.19
407,British Columbia.a,52,-121.25,British Columbia,38.1636784,4792,0,2133.71
408,British Columbia.a,51.5,-121.25,British Columbia,17.6735578,6653,0,2157.68
409,British Columbia.a,51,-121.25,British Columbia,16.3509474,0,0,2181.48
41,British Columbia.a,56.5,-132.5,British Columbia,113.5672238,0,0,424.65
410,British Columbia.a,50.5,-121.25,British Columbia,7.1945635,2038,0,2205.12
411,British Columbia.a,50,-121.25,British Columbia,20.5832658,10467,0,2476.21
412,British Columbia.a,49.5,-121.25,British Columbia,18.8581502,752,0,2502.1
413,British Columbia.a,49,-121.25,British Columbia,43.4220984,0,0,2527.79
414,British Columbia.a,59.5,-120.625,British Columbia,100.6364706,0,0,1950.85
415,British Columbia.a,59,-120.625,British Columbia,50.7695873,0,0,1979.97
416,British Columbia.a,58.5,-120.625,British Columbia,34.7780018,0,0,2008.93
417,British Columbia.a,58,-120.625,British Columbia,47.1295477,0,0,2037.75
418,British Columbia.a,57.5,-120.625,British Columbia,46.3466977,0,0,2066.41
419,British Columbia.a,57,-120.625,British Columbia,41.586537,0,0,2094.91
42,British Columbia.a,54,-132.5,British Columbia,143.2669071,1313,2036.24,226.25
420,British Columbia.a,56.5,-120.625,British Columbia,35.870813,85,0,2123.25
421,British Columbia.a,56,-120.625,British Columbia,1.596127,0,0,2151.43
422,British Columbia.a,55.5,-120.625,British Columbia,15.4231952,13085,0,2179.44
423,British Columbia.a,55,-120.625,British Columbia,25.1977369,4793,0,2207.29
424,British Columbia.a,54.5,-120.625,British Columbia,59.8721917,0,0,2234.98
425,British Columbia.a,54,-120.625,British Columbia,113.0615639,0,0,2262.49
426,British Columbia.a,53.5,-120.625,British Columbia,103.2986702,0,0,2289.83
427,British Columbia.a,53,-120.625,British Columbia,84.6506452,588,0,2316.99
428,British Columbia.a,52.5,-120.625,British Columbia,68.3783964,0,0,2109.58
429,British Columbia.a,52,-120.625,British Columbia,57.6017819,0,0,2133.71
43,British Columbia.a,53.5,-132.5,British Columbia,165.5043849,990,228.98,2060.85
430,British Columbia.a,51.5,-120.625,British Columbia,32.4673877,2388,0,2397.42
431,British Columbia.a,51,-120.625,British Columbia,29.9046245,1961,0,2423.87
432,British Columbia.a,50.5,-120.625,British Columbia,16.5280534,101874,0,2450.13
433,British Columbia.a,50,-120.625,British Columbia,16.9974232,336,0,2476.21
434,British Columbia.a,49.5,-120.625,British Columbia,7.8401366,3869,0,2502.1
435,British Columbia.a,49,-120.625,British Columbia,39.6192736,5293,0,2527.79
436,Alberta.a,59.5,-120,Alberta,95.1226311,0,0,1950.85
437,Alberta.a,59,-120,Alberta,39.6386709,0,0,1979.97
438,Alberta.a,58.5,-120,Alberta,4.9360143,495,0,2008.93
439,Alberta.a,58,-120,Alberta,28.636303,0,0,2037.75
44,British Columbia.a,53,-132.5,British Columbia,197.7673874,1661,463.4,1853.59
440,Alberta.a,57.5,-120,Alberta,26.9693553,0,0,2066.41
441,Alberta.a,57,-120,Alberta,43.1984392,0,0,2094.91
442,Alberta.a,56.5,-120,Alberta,19.9207406,0,0,2123.25
443,Alberta.a,56,-120,Alberta,29.6148958,0,0,2151.43
444,Alberta.a,55.5,-120,Alberta,15.0579972,0,0,2179.44
445,Alberta.a,55,-120,Alberta,23.9409368,3614,0,2207.29
446,Alberta.a,54.5,-120,Alberta,65.1479322,0,0,2234.98
447,Alberta.a,54,-120,Alberta,58.6761918,0,0,2262.49
448,Alberta.a,53.5,-120,Alberta,73.0460546,0,0,2289.83
449,British Columbia.a,53,-120,British Columbia,43.7054332,1589,0,2316.99
45,British Columbia.a,52.5,-132.5,British Columbia,239.9632443,0,1171.99,1171.99
450,British Columbia.a,52.5,-120,British Columbia,57.7366547,0,0,2343.98
451,British Columbia.a,52,-120,British Columbia,37.2399228,1573,0,2133.71
452,British Columbia.a,51.5,-120,British Columbia,17.3398229,0,0,2397.42
453,British Columbia.a,51,-120,British Columbia,24.0409537,1523,0,2181.48
454,British Columbia.a,50.5,-120,British Columbia,11.8714868,16654,0,2205.12
455,British Columbia.a,50,-120,British Columbia,14.4166428,20938,0,2228.59
456,British Columbia.a,49.5,-120,British Columbia,14.5505275,216389,0,2001.68
457,British Columbia.a,49,-120,British Columbia,25.9039551,66504,0,2275.01
458,Alberta.a,59.5,-119.375,Alberta,56.7398458,0,0,1365.59
459,Alberta.a,59,-119.375,Alberta,31.1674324,0,0,1979.97
46,British Columbia.a,59.5,-131.875,British Columbia,226.7864387,0,0,1950.85
460,Alberta.a,58.5,-119.375,Alberta,10.6380108,0,0,1607.15
461,Alberta.a,58,-119.375,Alberta,46.4679599,0,0,2037.75
462,Alberta.a,57.5,-119.375,Alberta,27.2653368,0,0,2066.41
463,Alberta.a,57,-119.375,Alberta,46.6351057,0,0,2094.91
464,Alberta.a,56.5,-119.375,Alberta,24.346703,3006,0,2123.25
465,Alberta.a,56,-119.375,Alberta,30.2249679,0,0,2151.43
466,Alberta.a,55.5,-119.375,Alberta,20.4860127,3187,0,2179.44
467,Alberta.a,55,-119.375,Alberta,12.4806936,91769,0,1986.57
468,Alberta.a,54.5,-119.375,Alberta,52.379591,0,0,2234.98
469,Alberta.a,54,-119.375,Alberta,17.8411325,0,0,2262.49
47,British Columbia.a,59,-131.875,British Columbia,180.5666461,0,0,1979.97
470,Alberta.a,53.5,-119.375,Alberta,58.829542,0,0,2289.83
471,British Columbia.a,53,-119.375,British Columbia,3.6526528,0,0,2316.99
472,British Columbia.a,52.5,-119.375,British Columbia,18.2820474,1052,0,2343.98
473,British Columbia.a,52,-119.375,British Columbia,8.0585788,230,0,2370.79
474,British Columbia.a,51.5,-119.375,British Columbia,20.2527398,0,0,2397.42
475,British Columbia.a,51,-119.375,British Columbia,15.7325319,3200,0,2181.48
476,British Columbia.a,50.5,-119.375,British Columbia,15.7307516,40500,0,2205.12
477,British Columbia.a,50,-119.375,British Columbia,1.3389718,79505,0,2476.21
478,British Columbia.a,49.5,-119.375,British Columbia,12.9956342,4258,0,2502.1
479,British Columbia.a,49,-119.375,British Columbia,5.7233845,3655,0,2527.79
48,British Columbia.a,58.5,-131.875,British Columbia,141.272984,0,0,2008.93
480,Alberta.a,59.5,-118.75,Alberta,48.4437196,0,0,1560.68
481,Alberta.a,59,-118.75,Alberta,9.2685798,0,0,1979.97
482,Alberta.a,58.5,-118.75,Alberta,13.6731163,957,0,2008.93
483,Alberta.a,58,-118.75,Alberta,17.47157,0,0,2037.75
484,Alberta.a,57.5,-118.75,Alberta,63.8213326,0,0,2066.41
485,Alberta.a,57,-118.75,Alberta,66.0147505,0,0,2094.91
486,Alberta.a,56.5,-118.75,Alberta,17.806733,0,0,2123.25
487,Alberta.a,56,-118.75,Alberta,13.4032018,4732,0,2151.43
488,Alberta.a,55.5,-118.75,Alberta,23.6489666,1199,0,2179.44
489,Alberta.a,55,-118.75,Alberta,3.8999268,0,0,2207.29
49,British Columbia.a,58,-131.875,British Columbia,159.4551997,0,0,2037.75
490,Alberta.a,54.5,-118.75,Alberta,2.9429772,8584,0,2234.98
491,Alberta.a,54,-118.75,Alberta,16.0471429,0,0,2262.49
492,Alberta.a,53.5,-118.75,Alberta,60.9061655,0,0,2289.83
493,British Columbia.a,53,-118.75,British Columbia,47.3598338,0,0,2316.99
494,British Columbia.a,52.5,-118.75,British Columbia,29.9256469,0,0,2343.98
495,British Columbia.a,52,-118.75,British Columbia,14.8962015,0,0,2370.79
496,British Columbia.a,51.5,-118.75,British Columbia,22.8056959,0,0,2397.42
497,British Columbia.a,51,-118.75,British Columbia,23.3541598,0,0,2423.87
498,British Columbia.a,50.5,-118.75,British Columbia,18.5113817,8275,0,2205.12
499,British Columbia.a,50,-118.75,British Columbia,31.5927515,1092,0,2476.21
5,British Columbia.a,59,-138.125,British Columbia,507.5907062,0,0,791.99
50,British Columbia.a,57.5,-131.875,British Columbia,112.8099531,0,0,2066.41
500,British Columbia.a,49.5,-118.75,British Columbia,28.2927372,0,0,2251.89
501,British Columbia.a,49,-118.75,British Columbia,14.446698,9667,0,2527.79
502,Alberta.a,59.5,-118.125,Alberta,63.2004467,0,0,1950.85
503,Alberta.a,59,-118.125,Alberta,41.9253882,381,0,1979.97
504,Alberta.a,58.5,-118.125,Alberta,36.4170554,0,0,2008.93
505,Alberta.a,58,-118.125,Alberta,11.12378,0,0,2037.75
506,Alberta.a,57.5,-118.125,Alberta,46.2463351,0,0,2066.41
507,Alberta.a,57,-118.125,Alberta,34.4587901,0,0,2094.91
508,Alberta.a,56.5,-118.125,Alberta,51.0736936,1126,0,2123.25
509,Alberta.a,56,-118.125,Alberta,16.3261698,4870,0,1936.29
51,British Columbia.a,57,-131.875,British Columbia,78.7914918,0,0,2094.91
510,Alberta.a,55.5,-118.125,Alberta,34.2341102,1516,0,2179.44
511,Alberta.a,55,-118.125,Alberta,28.7955669,1291,0,2207.29
512,Alberta.a,54.5,-118.125,Alberta,25.1075602,0,0,2234.98
513,Alberta.a,54,-118.125,Alberta,52.7778763,0,0,2262.49
514,Alberta.a,53.5,-118.125,Alberta,35.4114257,0,0,2289.83
515,Alberta.a,53,-118.125,Alberta,39.9273014,9817,0,2316.99
516,Alberta.a,52.5,-118.125,Alberta,56.056878,4738,0,2343.98
517,British Columbia.a,52,-118.125,British Columbia,31.6196172,0,0,2370.79
518,British Columbia.a,51.5,-118.125,British Columbia,25.6734077,0,0,2157.68
519,British Columbia.a,51,-118.125,British Columbia,5.7856978,663,0,2423.87
52,British Columbia.a,56.5,-131.875,British Columbia,76.6289877,0,0,1910.92
520,British Columbia.a,50.5,-118.125,British Columbia,29.9220027,0,0,2205.12
521,British Columbia.a,50,-118.125,British Columbia,8.9933435,3373,0,2228.59
522,British Columbia.a,49.5,-118.125,British Columbia,31.1173161,5045,0,2251.89
523,British Columbia.a,49,-118.125,British Columbia,5.6910854,34292,0,2275.01
524,Alberta.a,59.5,-117.5,Alberta,112.4970647,0,0,1950.85
525,Alberta.a,59,-117.5,Alberta,58.7044256,0,0,1979.97
526,Alberta.a,58.5,-117.5,Alberta,17.1510937,16726,0,2008.93
527,Alberta.a,58,-117.5,Alberta,24.395799,492,0,2037.75
528,Alberta.a,57.5,-117.5,Alberta,10.236879,4152,0,2066.41
529,Alberta.a,57,-117.5,Alberta,11.1723113,0,0,2094.91
53,British Columbia.a,56,-131.875,British Columbia,108.2487562,0,0,21.51
530,Alberta.a,56.5,-117.5,Alberta,30.567835,0,0,2123.25
531,Alberta.a,56,-117.5,Alberta,27.2271727,8697,0,2151.43
532,Alberta.a,55.5,-117.5,Alberta,33.8531099,3996,0,1961.5
533,Alberta.a,55,-117.5,Alberta,17.4532826,1712,0,1986.57
534,Alberta.a,54.5,-117.5,Alberta,18.7842916,0,0,2234.98
535,Alberta.a,54,-117.5,Alberta,46.8391942,0,0,2262.49
536,Alberta.a,53.5,-117.5,Alberta,9.8239062,0,0,2289.83
537,Alberta.a,53,-117.5,Alberta,10.4667865,0,0,2316.99
538,Alberta.a,52.5,-117.5,Alberta,63.3438234,0,0,2343.98
539,British Columbia.a,52,-117.5,British Columbia,87.1529777,0,0,2370.79
54,British Columbia.a,54,-131.875,British Columbia,103.9748315,0,2149.36,113.12
540,British Columbia.a,51.5,-117.5,British Columbia,42.6590512,3325,0,2397.42
541,British Columbia.a,51,-117.5,British Columbia,47.1809373,3986,0,2423.87
542,British Columbia.a,50.5,-117.5,British Columbia,35.9010405,0,0,2450.13
543,British Columbia.a,50,-117.5,British Columbia,9.3144351,1462,0,2228.59
544,British Columbia.a,49.5,-117.5,British Columbia,4.2578866,10077,0,2251.89
545,British Columbia.a,49,-117.5,British Columbia,3.367064,13896,0,2527.79
546,Alberta.a,59.5,-116.875,Alberta,111.7713277,0,0,1950.85
547,Alberta.a,59,-116.875,Alberta,57.2804585,0,0,1979.97
548,Alberta.a,58.5,-116.875,Alberta,15.8560793,0,0,2008.93
549,Alberta.a,58,-116.875,Alberta,53.0788045,172,0,2037.75
55,British Columbia.a,53.5,-131.875,British Columbia,129.6744202,0,2175.34,114.49
550,Alberta.a,57.5,-116.875,Alberta,39.8427112,0,0,2066.41
551,Alberta.a,57,-116.875,Alberta,23.4597777,0,0,2094.91
552,Alberta.a,56.5,-116.875,Alberta,13.1188372,685,0,2123.25
553,Alberta.a,56,-116.875,Alberta,31.4299175,0,0,2151.43
554,Alberta.a,55.5,-116.875,Alberta,15.7118098,5,0,1961.5
555,Alberta.a,55,-116.875,Alberta,21.9022387,2380,0,1986.57
556,Alberta.a,54.5,-116.875,Alberta,9.8472663,0,0,2234.98
557,Alberta.a,54,-116.875,Alberta,20.0688812,1639,0,2262.49
558,Alberta.a,53.5,-116.875,Alberta,13.5059297,8374,0,2289.83
559,Alberta.a,53,-116.875,Alberta,9.1572798,10426,0,2316.99
56,British Columbia.a,53,-131.875,British Columbia,170.2544808,0,2085.29,231.7
560,Alberta.a,52.5,-116.875,Alberta,61.8316613,0,0,2343.98
561,Alberta.a,52,-116.875,Alberta,50.8872822,0,0,2370.79
562,Alberta.a,51.5,-116.875,Alberta,23.8031046,0,0,2397.42
563,British Columbia.a,51,-116.875,British Columbia,18.7871,0,0,2423.87
564,British Columbia.a,50.5,-116.875,British Columbia,66.1252803,0,0,2450.13
565,British Columbia.a,50,-116.875,British Columbia,10.862377,3521,0,2476.21
566,British Columbia.a,49.5,-116.875,British Columbia,20.6573572,0,0,2251.89
567,British Columbia.a,49,-116.875,British Columbia,29.0717559,14194,0,2275.01
568,Alberta.a,59.5,-116.25,Alberta,125.7950856,0,0,1950.85
569,Alberta.a,59,-116.25,Alberta,70.2200883,0,0,1979.97
57,British Columbia.a,52.5,-131.875,British Columbia,217.5761059,325,1640.79,703.19
570,Alberta.a,58.5,-116.25,Alberta,14.8146394,0,0,2008.93
571,Alberta.a,58,-116.25,Alberta,41.11255,211,0,2037.75
572,Alberta.a,57.5,-116.25,Alberta,71.5165095,0,0,2066.41
573,Alberta.a,57,-116.25,Alberta,23.0441297,0,0,2094.91
574,Alberta.a,56.5,-116.25,Alberta,12.2901341,0,0,2123.25
575,Alberta.a,56,-116.25,Alberta,30.8053052,602,0,1936.29
576,Alberta.a,55.5,-116.25,Alberta,18.5228343,873,0,2179.44
577,Alberta.a,55,-116.25,Alberta,42.3284394,6464,0,1765.84
578,Alberta.a,54.5,-116.25,Alberta,23.9231504,0,0,2234.98
579,Alberta.a,54,-116.25,Alberta,32.082373,9927,0,2262.49
58,British Columbia.a,52,-131.875,British Columbia,268.0928495,0,1896.63,474.16
580,Alberta.a,53.5,-116.25,Alberta,13.2945703,0,0,2289.83
581,Alberta.a,53,-116.25,Alberta,19.6150186,0,0,2316.99
582,Alberta.a,52.5,-116.25,Alberta,21.8973725,0,0,2343.98
583,Alberta.a,52,-116.25,Alberta,34.6456979,11865,0,2370.79
584,Alberta.a,51.5,-116.25,Alberta,9.3869957,1004,0,2397.42
585,Alberta.a,51,-116.25,Alberta,13.2125667,0,0,2423.87
586,British Columbia.a,50.5,-116.25,British Columbia,9.3649127,7229,0,2450.13
587,British Columbia.a,50,-116.25,British Columbia,42.7418568,951,0,2476.21
588,British Columbia.a,49.5,-116.25,British Columbia,27.6621849,30455,0,2502.1
589,British Columbia.a,49,-116.25,British Columbia,21.2700651,0,0,2527.79
59,British Columbia.a,59.5,-131.25,British Columbia,211.7310636,0,0,1755.76
590,Alberta.a,59.5,-115.625,Alberta,130.0830521,0,0,1950.85
591,Alberta.a,59,-115.625,Alberta,77.744587,0,0,1979.97
592,Alberta.a,58.5,-115.625,Alberta,36.7279064,702,0,1808.04
593,Alberta.a,58,-115.625,Alberta,53.2518107,201,0,1833.97
594,Alberta.a,57.5,-115.625,Alberta,85.0077418,282,0,2066.41
595,Alberta.a,57,-115.625,Alberta,58.8354436,0,0,2094.91
596,Alberta.a,56.5,-115.625,Alberta,29.0629066,487,0,2123.25
597,Alberta.a,56,-115.625,Alberta,26.5695558,0,0,2151.43
598,Alberta.a,55.5,-115.625,Alberta,26.3718465,145,0,1743.56
599,Alberta.a,55,-115.625,Alberta,23.7282213,405,0,1545.11
6,British Columbia.a,59.5,-137.5,British Columbia,505.5150224,0,0,1950.85
60,British Columbia.a,59,-131.25,British Columbia,160.951022,0,0,1979.97
600,Alberta.a,54.5,-115.625,Alberta,2.9021714,1201,0,2234.98
601,Alberta.a,54,-115.625,Alberta,9.7880247,4558,0,2262.49
602,Alberta.a,53.5,-115.625,Alberta,16.0654357,1259,0,2060.85
603,Alberta.a,53,-115.625,Alberta,4.7237986,7179,0,2316.99
604,Alberta.a,52.5,-115.625,Alberta,51.6059867,1448,0,2343.98
605,Alberta.a,52,-115.625,Alberta,30.4561553,0,0,2370.79
606,Alberta.a,51.5,-115.625,Alberta,30.9678888,0,0,2397.42
607,Alberta.a,51,-115.625,Alberta,19.0308866,25893,0,2423.87
608,Alberta.a,50.5,-115.625,Alberta,26.5858655,0,0,2450.13
609,British Columbia.a,50,-115.625,British Columbia,13.4140221,0,0,2476.21
61,British Columbia.a,58.5,-131.25,British Columbia,114.7270227,0,0,2008.93
610,British Columbia.a,49.5,-115.625,British Columbia,3.2150373,12856,0,2502.1
611,British Columbia.a,49,-115.625,British Columbia,35.0439068,2112,0,2275.01
612,Alberta.a,59.5,-115,Alberta,143.4922284,0,0,1950.85
613,Alberta.a,59,-115,Alberta,98.8265198,0,0,1979.97
614,Alberta.a,58.5,-115,Alberta,71.590837,0,0,2008.93
615,Alberta.a,58,-115,Alberta,125.4577898,2488,0,1833.97
616,Alberta.a,57.5,-115,Alberta,70.2882383,0,0,2066.41
617,Alberta.a,57,-115,Alberta,17.9823482,0,0,2094.91
618,Alberta.a,56.5,-115,Alberta,43.4562108,0,0,1698.6
619,Alberta.a,56,-115,Alberta,13.6222609,3382,0,1936.29
62,British Columbia.a,58,-131.25,British Columbia,81.2478808,0,0,2037.75
620,Alberta.a,55.5,-115,Alberta,12.4179759,0,0,2179.44
621,Alberta.a,55,-115,Alberta,23.0280949,6887,0,1765.84
622,Alberta.a,54.5,-115,Alberta,25.64322,0,0,2234.98
623,Alberta.a,54,-115,Alberta,14.4052279,10202,0,2262.49
624,Alberta.a,53.5,-115,Alberta,8.4406582,46044,0,2060.85
625,Alberta.a,53,-115,Alberta,9.9975118,7858,0,2316.99
626,Alberta.a,52.5,-115,Alberta,15.2022838,0,0,2343.98
627,Alberta.a,52,-115,Alberta,9.0959255,7235,0,2370.79
628,Alberta.a,51.5,-115,Alberta,42.5601684,3130,0,2397.42
629,Alberta.a,51,-115,Alberta,4.8686323,32338,0,2423.87
63,British Columbia.a,57.5,-131.25,British Columbia,93.4586827,193,0,2066.41
630,Alberta.a,50.5,-115,Alberta,10.8604218,156,0,2450.13
631,Alberta.a,50,-115,Alberta,6.5221352,2859,0,2476.21
632,Alberta.a,49.5,-115,Alberta,4.2835793,9843,0,2502.1
633,British Columbia.a,49,-115,British Columbia,31.173336,1875,0,2527.79
634,Alberta.a,59.5,-114.375,Alberta,163.7966443,0,0,1950.85
635,Alberta.a,59,-114.375,Alberta,126.8775713,0,0,1979.97
636,Alberta.a,58.5,-114.375,Alberta,182.3628022,0,0,1808.04
637,Alberta.a,58,-114.375,Alberta,127.6024482,0,0,2037.75
638,Alberta.a,57.5,-114.375,Alberta,74.0992478,0,0,2066.41
639,Alberta.a,57,-114.375,Alberta,29.6838823,0,0,2094.91
64,British Columbia.a,57,-131.25,British Columbia,46.4986422,0,0,2094.91
640,Alberta.a,56.5,-114.375,Alberta,49.534713,0,0,2123.25
641,Alberta.a,56,-114.375,Alberta,35.4445764,179,0,1936.29
642,Alberta.a,55.5,-114.375,Alberta,29.0028067,1404,0,1961.5
643,Alberta.a,55,-114.375,Alberta,29.5151393,2861,0,1986.57
644,Alberta.a,54.5,-114.375,Alberta,15.9309783,0,0,2234.98
645,Alberta.a,54,-114.375,Alberta,18.4753837,12160,0,2262.49
646,Alberta.a,53.5,-114.375,Alberta,5.4350437,60104,0,2289.83
647,Alberta.a,53,-114.375,Alberta,22.213053,6065,0,2085.29
648,Alberta.a,52.5,-114.375,Alberta,16.780588,13484,0,2109.58
649,Alberta.a,52,-114.375,Alberta,15.7732924,161919,0,2133.71
65,British Columbia.a,56.5,-131.25,British Columbia,42.0929676,0,0,2123.25
650,Alberta.a,51.5,-114.375,Alberta,3.7035717,33438,0,2397.42
651,Alberta.a,51,-114.375,Alberta,9.0017098,1447674,0,2423.87
652,Alberta.a,50.5,-114.375,Alberta,17.3502552,73566,0,2450.13
653,Alberta.a,50,-114.375,Alberta,36.3640243,2167,0,2476.21
654,Alberta.a,49.5,-114.375,Alberta,17.8533401,232,0,2502.1
655,Alberta.a,49,-114.375,Alberta,43.3455772,7020,0,2527.79
656,Alberta.a,59.5,-113.75,Alberta,188.7829941,0,0,1755.76
657,Alberta.a,59,-113.75,Alberta,244.2516124,0,0,1979.97
658,Alberta.a,58.5,-113.75,Alberta,191.1796009,0,0,1808.04
659,Alberta.a,58,-113.75,Alberta,140.0798885,0,0,2037.75
66,British Columbia.a,56,-131.25,British Columbia,86.9690058,0,0,645.43
660,Alberta.a,57.5,-113.75,Alberta,127.794926,0,0,2066.41
661,Alberta.a,57,-113.75,Alberta,73.631101,0,0,2094.91
662,Alberta.a,56.5,-113.75,Alberta,26.337551,0,0,1910.92
663,Alberta.a,56,-113.75,Alberta,6.6498155,0,0,2151.43
664,Alberta.a,55.5,-113.75,Alberta,50.3313461,158,0,1743.56
665,Alberta.a,55,-113.75,Alberta,37.2200305,210,0,1765.84
666,Alberta.a,54.5,-113.75,Alberta,15.1672073,3313,0,2234.98
667,Alberta.a,54,-113.75,Alberta,18.0009566,415,0,2262.49
668,Alberta.a,53.5,-113.75,Alberta,2.2300792,1142576,0,2289.83
669,Alberta.a,53,-113.75,Alberta,10.1983954,89045,0,2316.99
67,British Columbia.a,54.5,-131.25,British Columbia,62.6000136,45,670.49,0
670,Alberta.a,52.5,-113.75,Alberta,10.517842,27371,0,2343.98
671,Alberta.a,52,-113.75,Alberta,8.7097607,26147,0,2370.79
672,Alberta.a,51.5,-113.75,Alberta,9.7314365,5032,0,2397.42
673,Alberta.a,51,-113.75,Alberta,4.7672889,22757,0,2423.87
674,Alberta.a,50.5,-113.75,Alberta,11.1888267,188,0,2450.13
675,Alberta.a,50,-113.75,Alberta,20.6787489,12549,0,2476.21
676,Alberta.a,49.5,-113.75,Alberta,5.4760069,4847,0,2502.1
677,Alberta.a,49,-113.75,Alberta,33.8891081,8736,0,2527.79
678,Alberta.a,59.5,-113.125,Alberta,254.7869478,0,0,1950.85
679,Alberta.a,59,-113.125,Alberta,202.3315205,0,0,1781.97
68,British Columbia.a,54,-131.25,British Columbia,66.4053098,0,2036.24,226.25
680,Alberta.a,58.5,-113.125,Alberta,152.1235303,0,0,2008.93
681,Alberta.a,58,-113.125,Alberta,107.3636887,0,0,2037.75
682,Alberta.a,57.5,-113.125,Alberta,124.6370719,0,0,2066.41
683,Alberta.a,57,-113.125,Alberta,69.2127991,0,0,2094.91
684,Alberta.a,56.5,-113.125,Alberta,15.1187488,0,0,2123.25
685,Alberta.a,56,-113.125,Alberta,27.0883793,0,0,2151.43
686,Alberta.a,55.5,-113.125,Alberta,66.4372098,0,0,2179.44
687,Alberta.a,55,-113.125,Alberta,18.8144899,0,0,1986.57
688,Alberta.a,54.5,-113.125,Alberta,17.7261844,8011,0,2011.48
689,Alberta.a,54,-113.125,Alberta,7.9083298,3289,0,2262.49
69,British Columbia.a,53.5,-131.25,British Columbia,100.8293005,0,2060.85,228.98
690,Alberta.a,53.5,-113.125,Alberta,14.6840331,108413,0,2289.83
691,Alberta.a,53,-113.125,Alberta,14.5527703,21489,0,2085.29
692,Alberta.a,52.5,-113.125,Alberta,14.5553689,9704,0,2109.58
693,Alberta.a,52,-113.125,Alberta,12.6812479,11963,0,2133.71
694,Alberta.a,51.5,-113.125,Alberta,28.0470687,2196,0,2397.42
695,Alberta.a,51,-113.125,Alberta,3.0186428,8426,0,2423.87
696,Alberta.a,50.5,-113.125,Alberta,13.3121909,12450,0,2450.13
697,Alberta.a,50,-113.125,Alberta,21.5183584,4684,0,2228.59
698,Alberta.a,49.5,-113.125,Alberta,23.3169982,125011,0,2251.89
699,Alberta.a,49,-113.125,Alberta,32.3651003,11536,0,2527.79
7,British Columbia.a,59,-137.5,British Columbia,475.9934633,0,0,198
70,British Columbia.a,53,-131.25,British Columbia,149.1951297,0,2316.99,0
700,Alberta.a,59.5,-112.5,Alberta,243.0859663,0,0,1950.85
701,Alberta.a,59,-112.5,Alberta,188.5612119,706,0,1979.97
702,Alberta.a,58.5,-112.5,Alberta,134.9145702,0,0,1004.47
703,Alberta.a,58,-112.5,Alberta,85.8631593,0,0,1426.42
704,Alberta.a,57.5,-112.5,Alberta,43.381771,0,0,1859.77
705,Alberta.a,57,-112.5,Alberta,34.1592849,0,0,2094.91
706,Alberta.a,56.5,-112.5,Alberta,35.8077645,0,0,2123.25
707,Alberta.a,56,-112.5,Alberta,32.0255017,0,0,2151.43
708,Alberta.a,55.5,-112.5,Alberta,32.7897192,0,0,2179.44
709,Alberta.a,55,-112.5,Alberta,22.4341994,0,0,2207.29
71,British Columbia.a,52.5,-131.25,British Columbia,201.3300723,0,2343.98,0
710,Alberta.a,54.5,-112.5,Alberta,30.2116032,0,0,1564.48
711,Alberta.a,54,-112.5,Alberta,23.0625673,5269,0,2036.24
712,Alberta.a,53.5,-112.5,Alberta,29.7711292,1055,0,2289.83
713,Alberta.a,53,-112.5,Alberta,19.0083119,12379,0,2316.99
714,Alberta.a,52.5,-112.5,Alberta,23.6050091,2305,0,2343.98
715,Alberta.a,52,-112.5,Alberta,32.1381005,895,0,2133.71
716,Alberta.a,51.5,-112.5,Alberta,15.7747349,2546,0,2397.42
717,Alberta.a,51,-112.5,Alberta,11.9670997,0,0,2423.87
718,Alberta.a,50.5,-112.5,Alberta,25.233793,25028,0,2450.13
719,Alberta.a,50,-112.5,Alberta,21.2473204,1286,0,2228.59
72,British Columbia.a,52,-131.25,British Columbia,254.9321118,0,2133.71,237.08
720,Alberta.a,49.5,-112.5,Alberta,0.5063754,17287,0,2502.1
721,Alberta.a,49,-112.5,Alberta,21.1804026,1412,0,2527.79
722,Alberta.a,59.5,-111.875,Alberta,234.5110774,0,0,1755.76
723,Alberta.a,59,-111.875,Alberta,179.0630361,0,0,1781.97
724,Alberta.a,58.5,-111.875,Alberta,123.749104,0,0,1406.25
725,Alberta.a,58,-111.875,Alberta,68.8930694,0,0,1833.97
726,Alberta.a,57.5,-111.875,Alberta,17.8183473,0,0,2066.41
727,Alberta.a,57,-111.875,Alberta,4.9084036,72947,0,1675.93
728,Alberta.a,56.5,-111.875,Alberta,23.8520514,0,0,1910.92
729,Alberta.a,56,-111.875,Alberta,6.3544686,0,0,2151.43
73,British Columbia.a,51.5,-131.25,British Columbia,309.2392886,0,2397.42,0
730,Alberta.a,55.5,-111.875,Alberta,23.336513,0,0,2179.44
731,Alberta.a,55,-111.875,Alberta,25.1774342,7884,0,1986.57
732,Alberta.a,54.5,-111.875,Alberta,12.6308519,401,0,1564.48
733,Alberta.a,54,-111.875,Alberta,13.1555439,1174,0,1809.99
734,Alberta.a,53.5,-111.875,Alberta,12.8677233,10691,0,2060.85
735,Alberta.a,53,-111.875,Alberta,15.7450095,4187,0,2316.99
736,Alberta.a,52.5,-111.875,Alberta,11.2350628,6146,0,2343.98
737,Alberta.a,52,-111.875,Alberta,0.9956038,3024,0,2370.79
738,Alberta.a,51.5,-111.875,Alberta,8.4971417,0,0,2397.42
739,Alberta.a,51,-111.875,Alberta,14.5292329,1860,0,2423.87
74,British Columbia.a,59.5,-130.625,British Columbia,202.105731,0,0,1950.85
740,Alberta.a,50.5,-111.875,Alberta,6.6055674,0,0,2450.13
741,Alberta.a,50,-111.875,Alberta,10.6546673,0,0,2476.21
742,Alberta.a,49.5,-111.875,Alberta,7.2436802,2036,0,2251.89
743,Alberta.a,49,-111.875,Alberta,24.4151515,4920,0,2527.79
744,Alberta.a,59.5,-111.25,Alberta,230.3455236,0,0,1950.85
745,Alberta.a,59,-111.25,Alberta,174.7760939,0,0,1979.97
746,Alberta.a,58.5,-111.25,Alberta,119.2327958,198,0,803.57
747,Alberta.a,58,-111.25,Alberta,63.783932,0,0,1833.97
748,Alberta.a,57.5,-111.25,Alberta,10.1229517,0,0,2066.41
749,Alberta.a,57,-111.25,Alberta,5.631844,0,0,2094.91
75,British Columbia.a,59,-130.625,British Columbia,147.8626702,0,0,1781.97
750,Alberta.a,56.5,-111.25,Alberta,5.026229,0,0,2123.25
751,Alberta.a,56,-111.25,Alberta,25.3262719,332,0,1936.29
752,Alberta.a,55.5,-111.25,Alberta,4.7121347,360,0,1961.5
753,Alberta.a,55,-111.25,Alberta,38.9782634,15,0,2207.29
754,Alberta.a,54.5,-111.25,Alberta,29.2893341,0,0,2011.48
755,Alberta.a,54,-111.25,Alberta,4.3315305,20905,0,2036.24
756,Alberta.a,53.5,-111.25,Alberta,32.8847063,7962,0,2060.85
757,Alberta.a,53,-111.25,Alberta,13.9209247,12707,0,2316.99
758,Alberta.a,52.5,-111.25,Alberta,12.0235945,11791,0,2343.98
759,Alberta.a,52,-111.25,Alberta,10.0196544,3177,0,2370.79
76,British Columbia.a,58.5,-130.625,British Columbia,95.195036,0,0,1808.04
760,Alberta.a,51.5,-111.25,Alberta,4.4044478,171,0,2397.42
761,Alberta.a,51,-111.25,Alberta,18.3296757,1142,0,2423.87
762,Alberta.a,50.5,-111.25,Alberta,25.9591418,0,0,2450.13
763,Alberta.a,50,-111.25,Alberta,26.3861416,68852,0,2476.21
764,Alberta.a,49.5,-111.25,Alberta,13.3995476,0,0,2502.1
765,Alberta.a,49,-111.25,Alberta,68.0691416,3471,0,2275.01
766,Alberta.a,59.5,-110.625,Alberta,113.875221,0,0,1560.68
767,Alberta.a,59,-110.625,Alberta,177.2201687,0,0,1187.98
768,Alberta.a,58.5,-110.625,Alberta,122.8450959,0,0,803.57
769,Alberta.a,58,-110.625,Alberta,70.405645,0,0,2037.75
77,British Columbia.a,58,-130.625,British Columbia,49.425737,380,0,2037.75
770,Alberta.a,57.5,-110.625,Alberta,31.9834247,0,0,2066.41
771,Alberta.a,57,-110.625,Alberta,29.5395399,0,0,2094.91
772,Alberta.a,56.5,-110.625,Alberta,22.5945162,0,0,2123.25
773,Alberta.a,56,-110.625,Alberta,21.9826335,0,0,1721.14
774,Alberta.a,55.5,-110.625,Alberta,12.7133018,0,0,1961.5
775,Alberta.a,55,-110.625,Alberta,9.3888397,0,0,1986.57
776,Alberta.a,54.5,-110.625,Alberta,8.7890094,0,0,1787.98
777,Alberta.a,54,-110.625,Alberta,1.9347051,16581,0,2036.24
778,Alberta.a,53.5,-110.625,Alberta,22.0185542,2123,0,2060.85
779,Alberta.a,53,-110.625,Alberta,27.6906644,20744,0,2316.99
78,British Columbia.a,57.5,-130.625,British Columbia,65.8941024,0,0,1859.77
780,Alberta.a,52.5,-110.625,Alberta,9.3352294,689,0,2343.98
781,Alberta.a,52,-110.625,Alberta,2.2375453,1900,0,2370.79
782,Alberta.a,51.5,-110.625,Alberta,11.4207015,1236,0,2397.42
783,Alberta.a,51,-110.625,Alberta,25.0890626,1411,0,2423.87
784,Alberta.a,50.5,-110.625,Alberta,36.9768125,148,0,2450.13
785,Alberta.a,50,-110.625,Alberta,9.7335161,7524,0,2476.21
786,Alberta.a,49.5,-110.625,Alberta,30.6026101,0,0,2502.1
787,Alberta.a,49,-110.625,Alberta,85.7479907,0,0,2527.79
788,Saskatchewan.a,59.5,-110,Saskatchewan,78.7578554,0,0,1560.68
789,Saskatchewan.a,59,-110,Saskatchewan,101.1839236,0,0,395.99
79,British Columbia.a,57,-130.625,British Columbia,31.6723348,74,0,2094.91
790,Saskatchewan.a,58.5,-110,Saskatchewan,148.8845327,0,0,2008.93
791,Saskatchewan.a,58,-110,Saskatchewan,98.6241637,0,0,2037.75
792,Saskatchewan.a,57.5,-110,Saskatchewan,59.1050516,0,0,2066.41
793,Saskatchewan.a,57,-110,Saskatchewan,57.7948291,0,0,2094.91
794,Saskatchewan.a,56.5,-110,Saskatchewan,62.2119067,831,0,1910.92
795,Saskatchewan.a,56,-110,Saskatchewan,58.4142611,2553,0,1721.14
796,Saskatchewan.a,55.5,-110,Saskatchewan,58.8801636,0,0,2179.44
797,Saskatchewan.a,55,-110,Saskatchewan,37.5669152,0,0,1986.57
798,Saskatchewan.a,54.5,-110,Saskatchewan,18.2662015,0,0,1564.48
799,Saskatchewan.a,54,-110,Saskatchewan,48.0980269,3346,0,2036.24
8,British Columbia.a,59.5,-136.875,British Columbia,477.0676667,0,0,1853.31
80,British Columbia.a,56.5,-130.625,British Columbia,24.4397819,0,0,2123.25
800,Saskatchewan.a,53.5,-110,Saskatchewan,23.0520181,5341,0,2289.83
801,Saskatchewan.a,53,-110,Saskatchewan,27.5222995,16882,0,2316.99
802,Saskatchewan.a,52.5,-110,Saskatchewan,7.4991762,1883,0,2109.58
803,Saskatchewan.a,52,-110,Saskatchewan,43.3509047,3192,0,2370.79
804,Saskatchewan.a,51.5,-110,Saskatchewan,36.2123666,695,0,2397.42
805,Saskatchewan.a,51,-110,Saskatchewan,20.61858,2378,0,2423.87
806,Saskatchewan.a,50.5,-110,Saskatchewan,9.9424782,1817,0,2450.13
807,Saskatchewan.a,50,-110,Saskatchewan,39.542641,665,0,2476.21
808,Saskatchewan.a,49.5,-110,Saskatchewan,59.5777377,3512,0,2502.1
809,Saskatchewan.a,49,-110,Saskatchewan,99.9618591,393,0,2527.79
81,British Columbia.a,56,-130.625,British Columbia,37.6648177,517,0,1721.14
810,Saskatchewan.a,59.5,-109.375,Saskatchewan,43.8252595,0,0,1170.51
811,Saskatchewan.a,59,-109.375,Saskatchewan,76.763877,0,0,395.99
812,Saskatchewan.a,58.5,-109.375,Saskatchewan,126.67594,0,0,1808.04
813,Saskatchewan.a,58,-109.375,Saskatchewan,122.1015541,0,0,2037.75
814,Saskatchewan.a,57.5,-109.375,Saskatchewan,93.4690487,0,0,1859.77
815,Saskatchewan.a,57,-109.375,Saskatchewan,93.0317954,0,0,2094.91
816,Saskatchewan.a,56.5,-109.375,Saskatchewan,97.5123036,0,0,1698.6
817,Saskatchewan.a,56,-109.375,Saskatchewan,91.8630119,37,0,1506
818,Saskatchewan.a,55.5,-109.375,Saskatchewan,87.8908572,919,0,1525.61
819,Saskatchewan.a,55,-109.375,Saskatchewan,69.1718636,0,0,2207.29
82,British Columbia.a,55.5,-130.625,British Columbia,64.0903211,0,0,435.89
820,Saskatchewan.a,54.5,-109.375,Saskatchewan,56.568331,0,0,2234.98
821,Saskatchewan.a,54,-109.375,Saskatchewan,61.9922218,1796,0,2036.24
822,Saskatchewan.a,53.5,-109.375,Saskatchewan,48.7034034,3008,0,2060.85
823,Saskatchewan.a,53,-109.375,Saskatchewan,48.517435,3712,0,2316.99
824,Saskatchewan.a,52.5,-109.375,Saskatchewan,73.366333,2439,0,2343.98
825,Saskatchewan.a,52,-109.375,Saskatchewan,26.9662408,3298,0,2370.79
826,Saskatchewan.a,51.5,-109.375,Saskatchewan,47.4749034,2025,0,2397.42
827,Saskatchewan.a,51,-109.375,Saskatchewan,58.2514137,5920,0,2423.87
828,Saskatchewan.a,50.5,-109.375,Saskatchewan,45.5406835,404,0,2450.13
829,Saskatchewan.a,50,-109.375,Saskatchewan,79.3159289,698,0,2228.59
83,British Columbia.a,55,-130.625,British Columbia,79.434959,0,0,662.19
830,Saskatchewan.a,49.5,-109.375,Saskatchewan,129.1903055,887,0,2502.1
831,Saskatchewan.a,49,-109.375,Saskatchewan,129.3252392,699,0,2527.79
832,Saskatchewan.a,59.5,-108.75,Saskatchewan,11.0229443,0,0,1755.76
833,Saskatchewan.a,59,-108.75,Saskatchewan,63.7724838,0,0,593.99
834,Saskatchewan.a,58.5,-108.75,Saskatchewan,119.1407015,0,0,1607.15
835,Saskatchewan.a,58,-108.75,Saskatchewan,174.6546207,0,0,2037.75
836,Saskatchewan.a,57.5,-108.75,Saskatchewan,230.2088594,0,0,2066.41
837,Saskatchewan.a,57,-108.75,Saskatchewan,129.6771237,0,0,2094.91
838,Saskatchewan.a,56.5,-108.75,Saskatchewan,153.5075605,0,0,1486.27
839,Saskatchewan.a,56,-108.75,Saskatchewan,213.4854095,587,0,1290.86
84,British Columbia.a,54.5,-130.625,British Columbia,29.4771878,627,447,1340.99
840,Saskatchewan.a,55.5,-108.75,Saskatchewan,158.2310005,1014,0,1307.67
841,Saskatchewan.a,55,-108.75,Saskatchewan,103.3451194,1144,0,1765.84
842,Saskatchewan.a,54.5,-108.75,Saskatchewan,50.0550962,728,0,2011.48
843,Saskatchewan.a,54,-108.75,Saskatchewan,22.6483196,6142,0,2036.24
844,Saskatchewan.a,53.5,-108.75,Saskatchewan,68.5748851,163,0,2060.85
845,Saskatchewan.a,53,-108.75,Saskatchewan,41.4272014,4048,0,2085.29
846,Saskatchewan.a,52.5,-108.75,Saskatchewan,39.1718033,20551,0,2343.98
847,Saskatchewan.a,52,-108.75,Saskatchewan,24.3804823,2887,0,2370.79
848,Saskatchewan.a,51.5,-108.75,Saskatchewan,46.0393036,486,0,2397.42
849,Saskatchewan.a,51,-108.75,Saskatchewan,99.1310384,845,0,2423.87
85,British Columbia.a,54,-130.625,British Columbia,31.6984831,12770,678.75,1583.74
850,Saskatchewan.a,50.5,-108.75,Saskatchewan,62.5501128,2134,0,2450.13
851,Saskatchewan.a,50,-108.75,Saskatchewan,46.150885,1821,0,2476.21
852,Saskatchewan.a,49.5,-108.75,Saskatchewan,65.1125836,3308,0,2502.1
853,Saskatchewan.a,49,-108.75,Saskatchewan,111.943935,641,0,2527.79
854,Saskatchewan.a,59.5,-108.125,Saskatchewan,28.3815894,0,0,1950.85
855,Saskatchewan.a,59,-108.125,Saskatchewan,69.0004176,0,0,1385.98
856,Saskatchewan.a,58.5,-108.125,Saskatchewan,122.0603075,0,0,2008.93
857,Saskatchewan.a,58,-108.125,Saskatchewan,176.6875709,0,0,2037.75
858,Saskatchewan.a,57.5,-108.125,Saskatchewan,231.7766054,0,0,2066.41
859,Saskatchewan.a,57,-108.125,Saskatchewan,151.7926652,0,0,2094.91
86,British Columbia.a,53.5,-130.625,British Columbia,82.9243965,295,457.97,1831.86
860,Saskatchewan.a,56.5,-108.125,Saskatchewan,268.8813874,0,0,1698.6
861,Saskatchewan.a,56,-108.125,Saskatchewan,213.4855876,0,0,1936.29
862,Saskatchewan.a,55.5,-108.125,Saskatchewan,158.2312439,635,0,1743.56
863,Saskatchewan.a,55,-108.125,Saskatchewan,103.3454967,2370,0,2207.29
864,Saskatchewan.a,54.5,-108.125,Saskatchewan,50.0558849,0,0,2234.98
865,Saskatchewan.a,54,-108.125,Saskatchewan,22.650084,526,0,2036.24
866,Saskatchewan.a,53.5,-108.125,Saskatchewan,68.5754749,3997,0,2060.85
867,Saskatchewan.a,53,-108.125,Saskatchewan,28.8315088,2694,0,2085.29
868,Saskatchewan.a,52.5,-108.125,Saskatchewan,22.7166442,1775,0,2343.98
869,Saskatchewan.a,52,-108.125,Saskatchewan,31.3720418,3737,0,2370.79
87,British Columbia.a,53,-130.625,British Columbia,137.587259,0,1621.9,695.1
870,Saskatchewan.a,51.5,-108.125,Saskatchewan,80.8630674,3326,0,2397.42
871,Saskatchewan.a,51,-108.125,Saskatchewan,79.2776129,1860,0,2423.87
872,Saskatchewan.a,50.5,-108.125,Saskatchewan,26.4897186,1470,0,2205.12
873,Saskatchewan.a,50,-108.125,Saskatchewan,9.0333096,19084,0,2476.21
874,Saskatchewan.a,49.5,-108.125,Saskatchewan,46.5843653,955,0,2502.1
875,Saskatchewan.a,49,-108.125,Saskatchewan,102.1800437,140,0,2527.79
876,Saskatchewan.a,59.5,-107.5,Saskatchewan,63.0287303,0,0,1950.85
877,Saskatchewan.a,59,-107.5,Saskatchewan,89.3029426,926,0,1385.98
878,Saskatchewan.a,58.5,-107.5,Saskatchewan,134.7566987,0,0,2008.93
879,Saskatchewan.a,58,-107.5,Saskatchewan,185.8108653,0,0,2037.75
88,British Columbia.a,52.5,-130.625,British Columbia,175.2834009,0,2343.98,0
880,Saskatchewan.a,57.5,-107.5,Saskatchewan,115.3828151,0,0,1859.77
881,Saskatchewan.a,57,-107.5,Saskatchewan,114.7422716,0,0,1466.43
882,Saskatchewan.a,56.5,-107.5,Saskatchewan,138.563728,0,0,2123.25
883,Saskatchewan.a,56,-107.5,Saskatchewan,220.7825471,0,0,2151.43
884,Saskatchewan.a,55.5,-107.5,Saskatchewan,168.0671581,0,0,1525.61
885,Saskatchewan.a,55,-107.5,Saskatchewan,118.0261503,0,0,1765.84
886,Saskatchewan.a,54.5,-107.5,Saskatchewan,76.1297624,37,0,1340.99
887,Saskatchewan.a,54,-107.5,Saskatchewan,61.9941557,0,0,1583.74
888,Saskatchewan.a,53.5,-107.5,Saskatchewan,99.4268988,3522,0,2060.85
889,Saskatchewan.a,53,-107.5,Saskatchewan,56.0052704,3037,0,2085.29
89,British Columbia.a,52,-130.625,British Columbia,228.4694854,0,2370.79,0
890,Saskatchewan.a,52.5,-107.5,Saskatchewan,50.6904724,1581,0,2109.58
891,Saskatchewan.a,52,-107.5,Saskatchewan,45.4113713,15509,0,2370.79
892,Saskatchewan.a,51.5,-107.5,Saskatchewan,50.1624932,2340,0,2157.68
893,Saskatchewan.a,51,-107.5,Saskatchewan,44.9435367,3947,0,2181.48
894,Saskatchewan.a,50.5,-107.5,Saskatchewan,18.8467082,1020,0,2205.12
895,Saskatchewan.a,50,-107.5,Saskatchewan,38.7277497,3041,0,2228.59
896,Saskatchewan.a,49.5,-107.5,Saskatchewan,64.3416221,2295,0,2502.1
897,Saskatchewan.a,49,-107.5,Saskatchewan,111.4926947,988,0,2527.79
898,Saskatchewan.a,59.5,-106.875,Saskatchewan,98.0945667,0,0,1560.68
899,Saskatchewan.a,59,-106.875,Saskatchewan,117.0833926,0,0,1979.97
9,British Columbia.a,59,-136.875,British Columbia,445.2058655,0,0,1187.98
90,British Columbia.a,59.5,-130,British Columbia,196.9089686,0,0,1950.85
900,Saskatchewan.a,58.5,-106.875,Saskatchewan,159.4036052,0,0,2008.93
901,Saskatchewan.a,58,-106.875,Saskatchewan,113.1531867,0,0,2037.75
902,Saskatchewan.a,57.5,-106.875,Saskatchewan,79.8727459,0,0,1446.48
903,Saskatchewan.a,57,-106.875,Saskatchewan,78.3424852,0,0,1047.45
904,Saskatchewan.a,56.5,-106.875,Saskatchewan,109.8968244,0,0,2123.25
905,Saskatchewan.a,56,-106.875,Saskatchewan,155.5601382,0,0,1936.29
906,Saskatchewan.a,55.5,-106.875,Saskatchewan,186.1857238,1013,0,1089.72
907,Saskatchewan.a,55,-106.875,Saskatchewan,142.9321464,0,0,1324.38
908,Saskatchewan.a,54.5,-106.875,Saskatchewan,111.2461316,0,0,1787.98
909,Saskatchewan.a,54,-106.875,Saskatchewan,120.3585666,0,0,1809.99
91,British Columbia.a,59,-130,British Columbia,143.1051209,0,0,1979.97
910,Saskatchewan.a,53.5,-106.875,Saskatchewan,84.8344099,325,0,2060.85
911,Saskatchewan.a,53,-106.875,Saskatchewan,100.8978259,6865,0,2085.29
912,Saskatchewan.a,52.5,-106.875,Saskatchewan,45.3137282,10293,0,2109.58
913,Saskatchewan.a,52,-106.875,Saskatchewan,10.4140481,294303,0,2370.79
914,Saskatchewan.a,51.5,-106.875,Saskatchewan,25.0447647,6100,0,2157.68
915,Saskatchewan.a,51,-106.875,Saskatchewan,11.9205835,1287,0,2181.48
916,Saskatchewan.a,50.5,-106.875,Saskatchewan,16.2198989,1128,0,2450.13
917,Saskatchewan.a,50,-106.875,Saskatchewan,53.3211003,593,0,2476.21
918,Saskatchewan.a,49.5,-106.875,Saskatchewan,67.0310277,2256,0,2502.1
919,Saskatchewan.a,49,-106.875,Saskatchewan,94.8935261,683,0,2527.79
92,British Columbia.a,58.5,-130,British Columbia,87.5089894,0,0,2008.93
920,Saskatchewan.a,59.5,-106.25,Saskatchewan,255.479892,0,0,1365.59
921,Saskatchewan.a,59,-106.25,Saskatchewan,200.6070223,1371,0,1385.98
922,Saskatchewan.a,58.5,-106.25,Saskatchewan,146.2821524,0,0,1607.15
923,Saskatchewan.a,58,-106.25,Saskatchewan,93.4657548,0,0,1833.97
924,Saskatchewan.a,57.5,-106.25,Saskatchewan,47.4901574,0,0,1653.12
925,Saskatchewan.a,57,-106.25,Saskatchewan,44.2365382,1871,0,1675.93
926,Saskatchewan.a,56.5,-106.25,Saskatchewan,88.5466888,0,0,2123.25
927,Saskatchewan.a,56,-106.25,Saskatchewan,141.0895085,0,0,2151.43
928,Saskatchewan.a,55.5,-106.25,Saskatchewan,195.3306715,0,0,653.83
929,Saskatchewan.a,55,-106.25,Saskatchewan,207.8802599,575,0,882.92
93,British Columbia.a,58,-130,British Columbia,31.9174974,0,0,2037.75
930,Saskatchewan.a,54.5,-106.25,Saskatchewan,153.3196261,0,0,2011.48
931,Saskatchewan.a,54,-106.25,Saskatchewan,99.9085039,1196,0,1357.49
932,Saskatchewan.a,53.5,-106.25,Saskatchewan,51.3673699,2025,0,1831.86
933,Saskatchewan.a,53,-106.25,Saskatchewan,35.3598455,46461,0,2316.99
934,Saskatchewan.a,52.5,-106.25,Saskatchewan,54.6937902,6011,0,2343.98
935,Saskatchewan.a,52,-106.25,Saskatchewan,32.8385018,4659,0,2370.79
936,Saskatchewan.a,51.5,-106.25,Saskatchewan,27.6203543,2313,0,2397.42
937,Saskatchewan.a,51,-106.25,Saskatchewan,53.267848,2351,0,2423.87
938,Saskatchewan.a,50.5,-106.25,Saskatchewan,29.0459768,1342,0,2205.12
939,Saskatchewan.a,50,-106.25,Saskatchewan,47.9167285,2269,0,1980.97
94,British Columbia.a,57.5,-130,British Columbia,23.7020227,478,0,2066.41
940,Saskatchewan.a,49.5,-106.25,Saskatchewan,24.200263,3708,0,2251.89
941,Saskatchewan.a,49,-106.25,Saskatchewan,71.1155857,1173,0,2275.01
942,Saskatchewan.a,59.5,-105.625,Saskatchewan,253.0369265,0,0,1170.51
943,Saskatchewan.a,59,-105.625,Saskatchewan,197.4402722,0,0,1187.98
944,Saskatchewan.a,58.5,-105.625,Saskatchewan,141.844252,0,0,1808.04
945,Saskatchewan.a,58,-105.625,Saskatchewan,86.2500917,0,0,1630.2
946,Saskatchewan.a,57.5,-105.625,Saskatchewan,30.6679082,0,0,2066.41
947,Saskatchewan.a,57,-105.625,Saskatchewan,24.9823669,0,0,2094.91
948,Saskatchewan.a,56.5,-105.625,Saskatchewan,80.5597449,0,0,2123.25
949,Saskatchewan.a,56,-105.625,Saskatchewan,136.1535241,0,0,2151.43
95,British Columbia.a,57,-130,British Columbia,17.4118689,0,0,2094.91
950,Saskatchewan.a,55.5,-105.625,Saskatchewan,191.7494395,0,0,653.83
951,Saskatchewan.a,55,-105.625,Saskatchewan,205.2824245,6150,0,662.19
952,Saskatchewan.a,54.5,-105.625,Saskatchewan,149.7342021,0,0,1787.98
953,Saskatchewan.a,54,-105.625,Saskatchewan,94.2440545,0,0,1809.99
954,Saskatchewan.a,53.5,-105.625,Saskatchewan,39.0602798,2349,0,1831.86
955,Saskatchewan.a,53,-105.625,Saskatchewan,10.2213883,2510,0,2316.99
956,Saskatchewan.a,52.5,-105.625,Saskatchewan,63.2792052,3105,0,2109.58
957,Saskatchewan.a,52,-105.625,Saskatchewan,25.3239566,8362,0,2133.71
958,Saskatchewan.a,51.5,-105.625,Saskatchewan,47.3082436,5141,0,2397.42
959,Saskatchewan.a,51,-105.625,Saskatchewan,71.0575524,1479,0,1939.1
96,British Columbia.a,56.5,-130,British Columbia,12.0553624,0,0,2123.25
960,Saskatchewan.a,50.5,-105.625,Saskatchewan,21.3735975,3901,0,2205.12
961,Saskatchewan.a,50,-105.625,Saskatchewan,45.2396673,36868,0,2476.21
962,Saskatchewan.a,49.5,-105.625,Saskatchewan,27.2595225,1067,0,2502.1
963,Saskatchewan.a,49,-105.625,Saskatchewan,12.0617889,1332,0,2275.01
964,Saskatchewan.a,59.5,-105,Saskatchewan,255.8126527,0,0,1170.51
965,Saskatchewan.a,59,-105,Saskatchewan,201.0368418,0,0,1979.97
966,Saskatchewan.a,58.5,-105,Saskatchewan,146.879507,0,0,1607.15
967,Saskatchewan.a,58,-105,Saskatchewan,94.4110518,0,0,1426.42
968,Saskatchewan.a,57.5,-105,Saskatchewan,49.349601,0,0,1653.12
969,Saskatchewan.a,57,-105,Saskatchewan,46.2536361,0,0,2094.91
97,British Columbia.a,56,-130,British Columbia,5.3278864,0,0,1936.29
970,Saskatchewan.a,56.5,-105,Saskatchewan,89.585121,0,0,2123.25
971,Saskatchewan.a,56,-105,Saskatchewan,141.7521368,0,0,2151.43
972,Saskatchewan.a,55.5,-105,Saskatchewan,195.8160411,344,0,1307.67
973,Saskatchewan.a,55,-105,Saskatchewan,196.8173176,1883,0,882.92
974,Saskatchewan.a,54.5,-105,Saskatchewan,145.3127219,0,0,2234.98
975,Saskatchewan.a,54,-105,Saskatchewan,121.5277356,0,0,2262.49
976,Saskatchewan.a,53.5,-105,Saskatchewan,66.3085421,0,0,2289.83
977,Saskatchewan.a,53,-105,Saskatchewan,14.3807275,2304,0,2316.99
978,Saskatchewan.a,52.5,-105,Saskatchewan,46.8928375,9103,0,2109.58
979,Saskatchewan.a,52,-105,Saskatchewan,25.3019966,4522,0,2370.79
98,British Columbia.a,55.5,-130,British Columbia,49.8056362,0,0,1961.5
980,Saskatchewan.a,51.5,-105,Saskatchewan,47.2963612,306,0,2157.68
981,Saskatchewan.a,51,-105,Saskatchewan,40.3543224,3066,0,2423.87
982,Saskatchewan.a,50.5,-105,Saskatchewan,16.1660177,9515,0,2450.13
983,Saskatchewan.a,50,-105,Saskatchewan,45.152224,232564,0,2476.21
984,Saskatchewan.a,49.5,-105,Saskatchewan,60.4558515,1761,0,2502.1
985,Saskatchewan.a,49,-105,Saskatchewan,35.9488304,844,0,2275.01
986,Saskatchewan.a,59.5,-104.375,Saskatchewan,263.6420578,0,0,1755.76
987,Saskatchewan.a,59,-104.375,Saskatchewan,211.050957,0,0,1781.97
988,Saskatchewan.a,58.5,-104.375,Saskatchewan,160.498403,0,0,1607.15
989,Saskatchewan.a,58,-104.375,Saskatchewan,114.711932,0,0,1630.2
99,British Columbia.a,55,-130,British Columbia,61.1854199,1794,0,1765.84
990,Saskatchewan.a,57.5,-104.375,Saskatchewan,82.0961417,0,0,1446.48
991,Saskatchewan.a,57,-104.375,Saskatchewan,80.6386059,0,0,2094.91
992,Saskatchewan.a,56.5,-104.375,Saskatchewan,111.5672542,0,0,1910.92
993,Saskatchewan.a,56,-104.375,Saskatchewan,156.760259,0,0,1721.14
994,Saskatchewan.a,55.5,-104.375,Saskatchewan,127.139306,0,0,1743.56
995,Saskatchewan.a,55,-104.375,Saskatchewan,160.2664327,0,0,1986.57
996,Saskatchewan.a,54.5,-104.375,Saskatchewan,132.8940376,0,0,2234.98
997,Saskatchewan.a,54,-104.375,Saskatchewan,78.6100133,0,0,2036.24
998,Saskatchewan.a,53.5,-104.375,Saskatchewan,29.6711028,1219,0,2060.85
999,Saskatchewan.a,53,-104.375,Saskatchewan,26.345982,6915,0,2085.29
2985,Nova Scotia.a,46.2621,-60.03126,Nova Scotia,3,0,1285,0
2986,Nova Scotia.a,44.8895,-61.33208,Nova Scotia,55,0,3125,0
2987,Nova Scotia.a,43.9636,-60.57042,Nova Scotia,172,0,2289,0
2988,Nova Scotia.a,43.3889,-61.18173,Nova Scotia,216,0,5850,0
